,PBR,PFE,SGLD.L,SUAS.L,CBU7.L,index
2015-12-20,0.0,0.0,0.0,0.0,0.0,-1.843512009713777e-10
2015-12-27,0.04137969934317631,0.019694036077070765,0.00645256713334752,0.0,-0.0011977389793645932,0.0068132144762760305
2016-01-03,-0.050772803630394714,-0.010423353897754728,-0.011540142708114876,0.0,-0.0017780048060389575,-0.008498155573581245
2016-01-10,-0.1279068590799468,-0.03965294530831842,0.04122226317005295,0.0,0.009154514815265635,-0.005037951513744088
2016-01-17,-0.1280001413878875,-0.006129210276288544,-0.014765581996206145,0.0,0.006321355290156205,-0.011194589909787389
2016-01-24,-0.07339461918630175,-0.0032455934475927872,0.010537654341411962,0.0,-0.001550028051623853,-0.0035312025090902255
2016-01-31,0.14521446440343788,-0.007163797382879644,0.014784272040788915,0.0,0.006944999414657982,0.013045433421324137
2016-02-07,-0.06628227134939979,-0.04788462769891966,0.035577242634599715,0.0,0.003083454149622522,-0.0020228714356824717
2016-02-14,-0.037037317973897865,0.021535516853044,0.06813670098452995,0.0,0.004287322177005226,0.0157336344825032
2016-02-21,0.009615734761221129,0.0044277745427325765,-0.0036333180640437668,0.0,-0.0012082281436589515,-8.933338976557792e-05
2016-02-28,0.07301607644084229,0.025093204220341114,-0.009945338481815114,0.0,-0.0008468012655934443,0.004871402018830517
2016-03-06,0.5562127102334073,-0.01720138524716841,0.044617460839638357,0.0,-0.00601311705374008,0.04215958455837154
2016-03-13,0.051330697128704195,0.026590223443209382,-0.010697965178927737,0.0,-0.004587920701629056,0.004258480834367084
2016-03-20,0.007233243281462798,-0.034426253712054655,-0.00571059755051051,0.0,0.006730061457749903,-0.002413717153454842
2016-03-27,-0.030520557754659228,0.021392184925373314,-0.02496946999108951,0.0,-0.0011344867910895173,-0.006489765566589978
2016-04-03,0.08703715834649328,-0.001329523424664858,-0.0073526111991366605,0.0,0.007219980881641552,0.009161624946574909
2016-04-10,-0.020443117001205935,0.08189070789831732,0.02386262427667485,0.0,0.0036645794800262976,0.012822927331728406
2016-04-17,0.16869569640815918,0.0,-0.008508681666459461,0.0,-0.001604918763155938,0.01542434622536204
2016-04-24,0.07142845580293566,0.02369224568571693,0.008913369415203487,0.0,-0.005505747325909693,0.01161471472108544
2016-05-01,0.07083329975907104,-0.01683186239647505,0.042118671820729814,0.0,0.0029095043335489734,0.01643196265545166
2016-05-08,-0.04928660046710276,0.026597403015795162,-0.0008280695294418106,0.0,0.004512895515472737,-0.002533780976733957
2016-05-15,-0.06139137604089384,-0.011613824308852938,-0.01712705778384327,0.0,-0.0013638039860753848,-0.013179435487163382
2016-05-22,-0.06250011711949743,0.025674737859222585,-0.016461860133769712,0.0,-0.005663574968207241,-0.009618777228611486
2016-05-29,-0.09457347509770575,0.025785057926888122,-0.029229276069023147,0.0,0.0007675315655986115,-0.013600405938037463
2016-06-05,0.042808208546340154,0.0023116418903441627,0.022624009903197795,0.0,0.0064583466910865805,0.011266620608971545
2016-06-12,0.06239710648807417,0.017296059868323832,0.02343947848798056,0.0,0.0025266900299414363,0.014512886135369163
2016-06-19,0.023184112912144617,-0.030320153802395056,0.014545142422718982,0.0,0.003320405756696676,0.0027944875136232117
2016-06-26,0.018126933816315693,-0.007305776125367314,0.02265347018100239,0.0,0.002472069815164568,0.006673685092050574
2016-07-03,0.10830847443686098,0.047100290602840156,0.015335727040344471,0.0,0.0038978431893894605,0.022776148588989242
2016-07-10,0.0,0.015462663563982293,0.01090859695261881,0.0,0.00047547693691996074,0.004331289492500279
2016-07-17,0.08835331878179131,0.017995648840113843,-0.017204940430044058,0.0,-0.006256937289411346,0.008106428690288547
2016-07-24,0.040590415412979475,-0.0008160562346390954,-0.004683665422477223,0.006139489010449584,0.0005977281223603637,0.006265668619295894
2016-07-31,0.026004956227735132,0.004083117796655156,0.01943985897362266,-0.0021967329730614438,0.0038631615550217546,0.008658628619635067
2016-08-07,-0.03686648051367314,-0.03930631328130818,-0.007945424452998617,0.009784679567770738,-0.002935770219560374,-0.010103649648575685
2016-08-14,0.0442582620627332,-0.0047751873592166705,0.010678824037421819,0.004844979865642918,0.002626087792799048,0.009852951908212448
2016-08-21,0.08018345992022291,0.0,-0.007396194170106063,0.002169724049689181,-0.004643218464891352,0.009455738341501485
2016-08-28,-0.03393445137386708,-0.004574028922709972,-0.00923822656029294,0.0048111802840440365,0.0005581890315826676,-0.006314391733384328
2016-09-04,0.051591650043168125,-0.001435952124897777,-0.008173034361523057,-0.0023941174939531296,-0.0026698472886752533,0.004638351786645956
2016-09-11,-0.007306712965786222,-0.0192691686460148,0.01090984481113244,-0.012718953745763595,-0.0003196493185424476,-0.004604761040396532
2016-09-18,-0.04311239678510681,-0.004692331690338669,-0.01791042056798431,-0.01093827830859595,0.0013588982495509327,-0.01348137124395321
2016-09-25,0.008791171036898193,0.009428552062421547,0.021588374446005254,0.018677860945701674,0.0015566352682185869,0.012090994549409428
2016-10-02,0.01633973388826382,-0.011383677416213378,-0.013236196110126275,0.0048251087878934396,0.001753486845929908,0.00018308942068445688
2016-10-09,0.12861726476060475,-0.009152614790855051,-0.05779116628841652,-0.010804339650740347,-0.006484423979335907,0.002649512822753053
2016-10-16,0.05792977771887253,-0.02681755823750065,0.0053335019433451425,-0.009466004427826413,0.0016817416501448967,0.006107295735299223
2016-10-23,0.09245960690990818,-0.014697015236363464,0.01224289945395518,0.0007350840060620367,0.0005995918383780996,0.01805828033857071
2016-10-30,-0.024650845349662998,-0.007768590092083638,0.0007660153465134378,-0.0009794543432393166,-0.0036754351720605927,-0.0067290090359166665
2016-11-06,-0.10446482139125934,-0.060445000545549354,0.0282399785935592,-0.013235316804536379,0.005012229853078365,-0.023256499372721118
2016-11-13,-0.08466617122058606,0.08633348352192916,-0.05743615164787319,0.02235473331844462,-0.013884438780775055,-0.015804115020230602
2016-11-20,-0.008221877144629075,-0.024425833757423354,-0.0176656412322439,0.016520901547538047,-0.009629409481908602,-0.005699533517408595
2016-11-27,0.056994765004706904,0.006670924092087249,-0.020395240921059155,0.010994241940608607,-0.0025328667386197434,0.008539266193659856
2016-12-04,0.047058863493233405,-0.0018931732115662347,-0.007040687930107037,-0.005200884396544203,0.0015563139675787152,0.005616543264659102
2016-12-11,0.014981285559003243,0.002213189952306349,-0.010657787345533576,0.025427748295261843,-0.0004906973112047686,0.0076672176719050356
2016-12-18,-0.05811837385436214,0.03596175573596683,-0.02114935458600986,-0.0004635100128944636,-0.007077963098351847,-0.01236655403822029
2016-12-25,-0.009794083536981968,-0.010962174379444356,-0.005390337681080659,0.002782261277834319,0.0015658036136212417,-0.0027178729254508927
2017-01-01,0.0,0.0,0.024388082377063025,-0.0032369801074784155,0.0041551589106127995,0.004503649171529789
2017-01-08,0.07517310169951497,0.030788161061553687,0.0113305351487627,0.009046610626927132,0.0018436453001735575,0.021296536303901048
2017-01-15,0.041398301170986196,-0.02867395577397769,0.017611898063918385,-0.0013793419147359876,0.0009405624205096608,0.007198741200222347
2017-01-22,-0.010600876494585298,-0.023062561224316713,0.008782089346184074,0.0034530739093230345,-0.0025739076571428265,-0.002631614596302456
2017-01-29,-0.036606980017676705,-0.011016530755173837,-0.012400196288111953,0.014682252521406092,0.0015975069915539208,-0.005799916783414627
2017-02-05,-0.042632077525360024,0.021323914826557377,0.025627824116078335,-0.003617450804160871,0.004007834575559199,-0.0006652562475990553
2017-02-12,0.008712588557065803,0.018372801928013383,0.01173907010566455,0.004538251970147789,-4.071082214218702e-05,0.006914349027956623
2017-02-19,0.033589283870785636,0.039258056899796445,0.004060980017385862,0.012197897220320275,-0.0006110601324567089,0.014034133098706825
2017-02-26,-0.051067807201253035,0.019036247974143494,0.014032166131496604,0.006025450780829722,0.005217244633581863,-0.0012004948866333187
2017-03-05,-0.000978765117580549,0.007588861411491843,-0.025966584058881415,0.0019963694373372753,-0.0111101706618435,-0.006443495132214538
2017-03-12,-0.08129278745852198,-0.01187704993227412,-0.0201404277816557,-0.004427650129498639,-0.0021731948855402416,-0.020444679504310614
2017-03-19,-0.05010660293942182,0.006156346560641568,0.025031962120202644,0.006671096929444342,0.005629731180712305,0.0008409031571658954
2017-03-26,0.016835424252528375,-0.009323863394015475,0.016266604574348476,-0.008835907263842313,0.0037185504150463178,0.002910977621805255
2017-04-02,0.06953613994494368,0.006176698524821278,-0.0027018325913191754,0.009360418846458218,0.0007327796775769002,0.013503720655843932
2017-04-09,0.007223849955868777,-0.0032156629373751855,0.015680188000912088,-0.0022080434267349736,0.0037427207114553163,0.004064432046149147
2017-04-16,-0.05122925967184366,-0.006451900470092253,0.014953107467408522,-0.0015490085627674066,0.00409358320072406,-0.005446391968704556
2017-04-23,-0.026998050198830614,-0.007083541202635657,-0.0003982085838920568,0.004654319683982111,0.002098930338831684,-0.003152069740852248
2017-04-30,0.0,0.008323468517499988,-0.01242827916120659,0.014780457575148898,-0.003141862549567609,0.001887748827466229
2017-05-07,0.03440645462878078,-0.012971666716261376,-0.03081639015035076,-0.003260902736497928,-0.0024244013863130576,-0.003876105070351854
2017-05-14,0.09871245191785216,-0.014038383676504562,0.00012484925690570137,-0.003489636919015715,0.0021872702343357364,0.013172053639138426
2017-05-21,-0.12500016721551377,-0.007143094071779155,0.019682891996142482,-0.00459617182719485,0.0031525292420553352,-0.01850313075794341
2017-05-28,-0.0011156846046137536,-0.009858625407984545,0.011141083337936175,0.015171473914994182,0.00016119478410070442,0.005229514656950096
2017-06-04,-0.05251447166276624,0.012445368142505853,0.008596640381380416,0.011912563863339054,0.00427005130171465,-0.00017964847973284126
2017-06-11,-0.008254707792732185,0.007068467151946978,-0.009043595686409223,0.0019263730786891475,-0.0029281817834053703,-0.002325190004928146
2017-06-18,-0.0392389160857719,0.006102785616842743,-0.009449185687521844,-0.004699876399248626,0.0023735620569904636,-0.007351317500546184
2017-06-25,-0.04084159168719936,0.036396910322248566,0.001019160199305924,0.00558056064996082,-0.0004414858273188438,0.0003957426316951729
2017-07-02,0.030967719531215687,-0.016973886341865474,-0.010751371846213997,-0.005336179469420554,-0.0036538994216365195,-0.002631144224558124
2017-07-09,-0.031289060018173,-0.007144948755490321,-0.026511886477777136,-0.0006437506497675161,-0.003788193937770301,-0.011274576053326713
2017-07-16,0.10335926862457856,0.0023988180240293033,0.015350805024204828,0.015890094123170995,0.004449862933234128,0.022605586514850007
2017-07-23,-0.007025967509429187,0.0014957062057381343,0.017992469619376728,0.007609316956340928,0.003141356301692433,0.005613168454077
2017-07-30,0.02358519162130812,-0.009856690906563936,0.015056083635295092,0.0004195606992218881,-0.0009635678954541538,0.004877489922195721
2017-08-06,0.020736913722738448,0.014781305300165748,-0.010721497769732191,0.0,0.0006028337786572191,0.0027251744725806937
2017-08-13,-0.04288927021577138,-0.0019388141770042555,0.024527396563639225,-0.0155168355017542,0.004056365655462857,-0.00531045927181617
2017-08-20,0.04834912495650401,-0.017443350616579423,0.0022269845845943603,-0.002555887751539365,-0.00020001220703125266,0.0043545447220818545
2017-08-27,0.03149611651919848,0.02203854381600978,0.0012300513980574301,0.007687311159052079,0.0006801287098254782,0.009689162042559873
2017-09-03,0.013086184604445217,0.017070936104257806,0.02437288118989156,0.012078824145199452,0.001319374050443578,0.012393993666165004
2017-09-10,0.05489770729375998,0.00412247632259044,0.01729341160133102,-0.0012562303329624047,0.0037931601510001745,0.012585237490895906
2017-09-17,0.028571311110462405,0.03695030112299724,-0.018178355418874914,0.01446537978349638,-0.005966587257029365,0.007668332343826023
2017-09-24,0.025793907422326345,0.016968074546619416,-0.02029678304765581,0.0012399539997483,-0.0028411023306074146,0.0018362556438384914
2017-10-01,-0.02901361124971591,-0.007230139836423621,-0.008263141574394672,0.005572764778368988,-0.0012039128729828263,-0.005787379843268714
2017-10-08,0.02788849034060581,0.009803912824088545,-0.009886763529522447,0.013341496200649283,-0.0016473287922971203,0.007177224838704088
2017-10-15,0.01647285732221726,0.008044302280436844,0.02198424343875427,0.0072918901790590684,0.0028171159058201223,0.010439624349039445
2017-10-22,-0.013346102944853167,0.0022014997154229388,-0.014065113943750651,0.007038051317919125,-0.004253943293003437,-0.0034967041372169216
2017-10-29,0.036715018269846356,-0.02251506833287875,-0.00871125944368123,0.008386544600421209,-0.0004836172801423455,0.003959208859051655
2017-11-05,-0.0037280003820893137,-0.0014043653311143212,-0.0024186966815842315,0.00435645981590338,0.002016129032257785,0.000557501223283019
2017-11-12,0.0018711636302595203,-0.010408025984603109,0.0070311774541604866,-0.0031545710481332145,-0.0015291946994464567,-0.0009366573211347928
2017-11-19,-0.053221416649142705,0.014587847996608616,0.008988363926119902,0.004746793062713639,-0.00024180864007128378,-0.004159832350385195
2017-11-26,0.0177515244302191,0.003392624237669173,-0.0004374651488827652,0.006299206685632441,8.064287937536996e-05,0.005002747448187517
2017-12-03,-0.04457380683340739,0.024232406598389433,0.0008753132167924615,0.007824756147039258,0.0003224839989688366,-0.0017023100801719648
2017-12-10,-0.016227278328967754,-0.016781597984077634,-0.03164251682433761,0.009510828016611184,-0.0024984299114564346,-0.008023419027168743
2017-12-17,-0.027834796340584944,0.040850496670709724,0.004556652637684566,0.010574948461978595,-0.0007675009605321303,0.004501471424932069
2017-12-24,0.0593848626602862,-0.02849464090236553,0.011850736859630118,0.0091324111433575,-0.0028300472599879223,0.009430152996954266
2017-12-31,0.030029946222304815,0.002213799309341624,0.021768100546675218,-0.0015083301220544243,0.002027164047730956,0.008798028772182054
2018-01-07,0.07677366656541529,0.017669848258366372,0.017667989014636953,0.018126871243736575,-0.0020635020005280724,0.022351827146303682
2018-01-14,0.03519871912628769,-0.008681600759052444,0.008816518440631915,0.017804208675266997,-0.0032030217648706394,0.01104798291521969
2018-01-21,0.06015672496444924,0.010947038768901018,0.0018865818525324318,0.010204036947789152,-0.00235916947998982,0.014340604198356033
2018-01-28,0.13733550876864675,0.05603671431454593,0.01464088459341406,0.02020207024396381,-0.0017939512934385116,0.039019587449117266
2018-02-04,-0.0368761611158972,-0.06152276040132032,-0.01833054151362501,-0.02121642032890947,-0.005514055031732634,-0.025006919964966512
2018-02-11,-0.07357371127497203,-0.05827691174569327,-0.010532449296906665,-0.07225433446350171,0.0021357166156796836,-0.04362338366549556
2018-02-18,0.033225325434142805,0.06147525024985878,0.030568863027157667,0.048286594874698885,-0.0018852734174885644,0.03207180736033455
2018-02-25,0.09333314795076952,0.0,-0.019787412639087454,0.0059435307191177955,-0.0002463560821537314,0.015414183979621132
2018-03-04,0.018651605974997265,-0.00854930447200053,-0.006252876336071855,-0.004431345626716543,0.0005749933961929354,0.0005049748832046674
2018-03-11,0.03591529754639322,0.02280952236761502,0.0013594582270337607,0.02522256410488599,-0.0009030507557364897,0.017202135447953015
2018-03-18,-0.04146837082768018,0.00027185413097319255,-0.006438864581782111,-0.007235848770160258,0.001561236205182892,-0.011433001424752454
2018-03-25,0.014893713321192159,-0.06226201841305379,0.02658597587687561,-0.03935859703667244,0.0013946851242641056,-0.010752220330795592
2018-04-01,-0.011879627968513162,0.028993660760448625,-0.01977480171291157,0.0015174130217205928,0.0029493742221218255,-0.0017845535045191152
2018-04-08,-0.015559001308968257,-0.009016612757432041,0.007603939248994607,-0.0015151139680561476,-0.00016334457903521837,-0.003301560424984973
2018-04-15,-0.004310240531797738,0.032698350536009,0.009933723086937851,0.015174492005633589,-0.0031046150169543596,0.00813142413269885
2018-04-22,0.03174595792096113,0.008535338536500792,-0.004841742557282425,0.002989533745209272,-0.004015717728651169,0.006378810210793784
2018-04-29,-0.01118854008597625,0.01010092780582239,-0.012910374795798263,0.00596124614390825,-0.0004113833857110061,-0.001775905057162852
2018-05-06,-0.03182497092289405,-0.05837822308410545,-0.008616010203952307,-0.007407435664424145,0.0004938883514635783,-0.01658460758396907
2018-05-13,0.18261570245501701,0.0189436530498317,0.007986253231381912,0.028917968206774836,-0.001275290259414974,0.04794352667740376
2018-05-20,-0.0006180481404652882,0.01374392135817315,-0.02205999569757633,-0.004895747058809574,-0.0028422063239402773,-0.0044121516448676346
2018-05-27,-0.220642834903098,0.0011221842132240756,0.009015108200750577,0.002915449057909525,0.007600777941065617,-0.045577327824782854
2018-06-03,-0.19525209578469793,0.015975547097484055,-0.004368876995918036,0.0014534523078988393,0.0011479123540454328,-0.03413941461905046
2018-06-10,-0.034550854455278945,0.01158609172046332,-0.00019767176798968222,0.01306243168823129,-0.001228513740814452,-0.0001330727973360979
2018-06-17,-0.034764940882591855,-0.008453816302989248,-0.013522589535503227,0.004298024316099047,-4.097788883183906e-05,-0.00722621974390969
2018-06-24,-0.0010590499821486743,0.00412542193046761,-0.00877791652245652,-0.00713269459376864,0.0008610714436536604,-0.003320438903792966
2018-07-01,0.06362657216523204,-0.006299437206075065,-0.01411243611037738,-0.00862068138659322,0.00270376233845937,0.003771436303792175
2018-07-08,0.038883383451658204,0.022877443210603587,0.002583999381161828,0.008695643760906924,0.0009805748429094763,0.012109890902610276
2018-07-15,0.025911610982784383,0.01131782037905471,-0.009695610757308848,0.0186781772598279,0.00016323790258288007,0.009690103364511593
2018-07-22,0.0608044460446433,-0.005329106348127666,-0.011195136249314452,0.005641743440361946,-0.0007753313247741422,0.008756035232484027
2018-07-29,0.05026469156461921,0.02893097552653856,-0.0033422587304389184,0.005610092736466177,-0.0034715380123626627,0.012299193895985328
2018-08-05,0.052056954587720305,0.05545449635596955,-0.00435946217629124,0.0013946655422976129,0.0021311650510693614,0.015977904816199207
2018-08-12,-0.07901030316857516,0.01821659058166003,-0.004420693132664799,0.001392789571159403,0.002780928610747191,-0.011571957587028336
2018-08-19,-0.07192345696085067,0.02834119518566447,-0.027995073721883812,-0.005563276986744747,0.001957568244343788,-0.014206692331126591
2018-08-26,-0.0350829192353459,0.007365152890977944,0.022536404342962557,0.009790166977700077,0.0008547977862582989,0.0023591490673204873
2018-09-02,0.05431608734254745,-0.020754790506310683,-0.004637690267420669,0.012465395457511796,-0.0008540677310522327,0.008468422085404548
2018-09-09,0.015639396973142317,0.01637776051716422,-0.002735741570357164,-0.010943902097437563,-0.002930584432507044,2.4727593111339985e-05
2018-09-16,-0.040760914600124654,0.018009731246873883,-0.0009429970759765594,0.012448153852069321,-0.0026943323155618204,-0.0009569745373348981
2018-09-23,0.08593003481633787,0.025605118970842167,0.00017158608983458556,0.012295037382534346,-0.0018829582812971424,0.020375117677354115
2018-09-30,0.04956530640683976,0.00022683802301881606,-0.003989330367451749,-0.005398105624387584,0.001968549022052013,0.006283772965874457
2018-10-07,0.15244419360369843,0.019060458857456553,0.007752284908184359,-0.012211625121878233,-0.0062213663510733985,0.024782988133014605
2018-10-14,0.10352256926636505,-0.0251611693985212,0.014573222459366653,-0.04670331631719016,0.003130125606604306,0.005254622197422121
2018-10-21,0.009120398905706928,0.01644597263135572,0.006023622457184352,0.005763683216603255,-0.001313812073563736,0.006416336921792221
2018-10-28,0.048418290663504227,-0.042696714200632147,0.011263251772317684,-0.034383989584455654,0.006577827695253502,-0.002186211695131113
2018-11-04,-0.006773499910759151,0.007746332569877001,-0.00741142975015241,0.014836852353948604,-0.00351250050324603,0.001715105351647983
2018-11-11,-0.07377544972174077,0.03144674941035519,-0.017769968642879164,0.029239737544372257,-0.0005738150344293258,-0.006903478010355069
2018-11-18,-0.005354665912676748,-0.009807050830415776,0.00917315858033585,-0.015625019049780087,0.006889796423070527,-0.004125840970642836
2018-11-25,-0.06662181592785876,-0.008503911786690743,0.0018936874089789946,-0.021644967135047155,0.0010589544734098677,-0.020638657259472448
2018-12-02,0.053633775541057194,0.07162719820464925,-0.0030661782674930027,0.03687315520113632,0.0017088378673253413,0.0307517175402352
2018-12-09,-0.02197809438910736,-0.04996700199066395,0.021866387399011478,-0.03129448939729196,0.005036578020042537,-0.016088709984740435
2018-12-16,-0.05898887854435264,-0.0027325231741386347,-0.005731011083226045,-0.005873709572558505,0.001616528825322261,-0.014406462457954627
2018-12-23,-0.07611926593297835,-0.0426939413156463,0.0159237474346694,-0.05169865666449658,0.0038734938995013124,-0.03189866073822234
2018-12-30,0.052503980137929895,0.024564588422993472,0.015061786603046468,0.0,0.004381014166080499,0.016431000903738946
2019-01-06,0.135076190160627,0.0009310664017578851,0.0041419256410741845,0.010903379126535384,0.00412180872308876,0.03028675887570298
2019-01-13,0.035907904785875466,-0.002790729789237112,0.004805562115967721,0.030816686156498463,-0.0006376680347399688,0.016171783951119734
2019-01-20,0.007194168768805742,-0.008162579865085062,-0.005699286252835445,0.028400606217543034,-0.003987876941721202,0.0065512043331612535
2019-01-27,0.02727263966486082,-0.04443857195996026,0.013468016145154582,0.0014534523078990613,0.0024023307043241626,0.003191276805950549
2019-02-03,0.038558817079589636,0.055117678800532977,0.014119630501211455,0.004898411883086817,0.003435055952448085,0.01949670014637439
2019-02-10,-0.045039613857643435,-0.006557269046837733,-0.0031200149773097374,-0.009207407964487269,0.0029456471999376177,-0.01323166643785012
2019-02-17,0.06755905029704024,0.004025723435875372,0.0015257595114321898,0.03735421277627449,-0.0011113431918735595,0.025443139129256664
2019-02-24,-0.007164156239541031,0.013207486202107654,0.010507822036743164,0.0140523315083807,0.0006357424776128884,0.0058298952031015094
2019-03-03,-0.06855087929698844,0.009311218449212122,-0.019985303336630844,-0.0003464482577907324,-0.002382428738291198,-0.01769996221448289
2019-03-10,-0.03292420941565011,-0.05696528717883231,-0.003352816697660188,-0.025472143984167417,0.004457869338877707,-0.02118181758113047
2019-03-17,0.10747632240286809,0.021765635823191687,0.002058037266906787,0.03894023046495554,0.00253605717269223,0.037002868443642756
2019-03-24,-0.04641350129797961,0.0016757640942111074,0.00841267373227117,-0.00941295968146405,0.00695650002701953,-0.009952169091966612
2019-03-31,0.006321092749641544,0.014814755040187144,-0.013629997205463762,0.009156855036563494,0.0018841694013116417,0.004056359726546388
2019-04-07,0.036432348308726326,0.012243788115166465,-0.0025809796137873375,0.023797284596466683,-0.0028208791929461574,0.015199238753929256
2019-04-14,-0.09454553050994696,-0.029774087311486563,0.0004777065807604064,0.007692292480625529,-0.0018859460092347513,-0.02227051255725443
2019-04-21,0.045515355877012054,-0.05586201448841277,-0.013767822564525689,-0.0016594503303424268,0.001417102109375623,-0.00012476131459593365
2019-04-28,-0.01536466378649426,0.01498177660258726,0.009683251310802943,0.011635651009223924,0.0022013082972427434,0.004021125810386161
2019-05-05,-0.024057186672214237,0.03552736949077007,-0.004635379269168349,-0.0018074368920207862,-0.0006275637664574507,-0.002177617693330358
2019-05-12,-0.013324723271162964,-0.01618796485788343,0.0047773995700413074,-0.03489710175941996,0.0043955851796435574,-0.013620578286064555
2019-05-19,-0.09115449713147106,0.027451051256531134,-0.009349513941599663,0.01859116719649312,0.0020319016731069617,-0.010508330413293243
2019-05-26,0.047548370506395266,0.011574751899757985,0.006614500982091487,-0.016577388784841274,0.0030416423797805514,0.006899189287450813
2019-06-02,0.02711923488491985,-0.010250694644023728,0.012741376121688797,-0.019581095183809905,0.006764599277340189,0.0015611546509297636
2019-06-09,0.06583511608009118,0.033718982284243415,0.03252103441262677,0.0481069217606811,0.00803219477324002,0.03838737328697084
2019-06-16,0.0013002310786758287,-0.0037277775097013244,0.004981177631404599,0.006793701040239908,-0.0003065319001855915,0.002541502022227915
2019-06-23,0.07922101481259625,0.021281375936776037,0.034314473241908505,0.022053986004028525,0.0015327786234744512,0.031080594180925125
2019-06-30,-0.06317705763240078,-0.00801420931607355,0.010358292433051197,-0.009339742843940901,0.002142746049738742,-0.015018283557189593
2019-07-07,0.007064873124449367,0.013850051279151732,-0.007917045273995171,0.014141725055448529,-0.0024435499985725473,0.00551674003089464
2019-07-14,0.07334195061984539,-0.03460855110753425,0.006693059417357983,0.011700585821089904,-0.0016840264982469488,0.01470885032170055
2019-07-21,-0.04991091032079842,0.0087264106739815,0.0142836406867759,-0.0036438457878387176,0.003987151355326013,-0.00757213965882797
2019-07-28,-0.05753618465832333,0.007482213136174698,-0.007599443176466103,0.00302118688583608,-0.0015273938026056921,-0.011522670066162921
2019-08-04,-0.00796260700917073,-0.11812489140738491,0.018363930469896816,-0.024096392099585473,0.008413575023018538,-0.018626576290905694
2019-08-11,-0.029431456054518468,-0.03447178129962014,0.04248033731602585,-0.005847963000659484,0.005916253041283515,-0.0027987930313836396
2019-08-18,-0.08821497986626592,-0.046767419575186375,0.0023930405897785167,-0.0013072194453818131,0.0033177684934873053,-0.021167873169289586
2019-08-25,-0.019652305820794247,-0.008946685458272485,0.010776903515974379,-0.001636100717745892,0.0027055510067406363,-0.0023562195653854534
2019-09-01,0.0447186295463311,0.03523567909399339,0.001889457957243712,0.013110442986874249,0.0011992479711082638,0.016166590787099366
2019-09-08,0.05535052969035292,0.026722801503535676,-0.0046811296457497376,0.020058260831253616,-0.0010480565034388656,0.01787635466916493
2019-09-15,0.016783276654485757,0.011233146328451404,-0.018271000235219215,0.0047573617273597435,-0.01303960927254999,-0.0003363866590285758
2019-09-22,0.0,-0.005960630342301543,0.005859080623099144,0.0003156637874213164,0.0033409449628094556,0.0012103719249112466
2019-09-29,0.0041266986257897376,-0.01280978079586692,-0.00784652560229715,-0.004102274090387548,0.003632478657152882,-0.0024598292914359554
2019-10-06,-0.028082290615622174,-0.00800689921363984,0.008495619131853038,-0.01948668509268614,0.010405707537487707,-0.00846490974333447
2019-10-13,0.014798967423738318,0.005009809877114746,-0.01677965235542478,0.02035873563833346,-0.009626815568155145,0.0043677656560559
2019-10-20,0.009027723259206866,0.009692655243206838,0.009543014352785484,-0.002692034513616104,0.001280974759588771,0.0038614253184716674
2019-10-27,0.09084669622064578,0.008502616949252806,0.010349824576032507,0.013020001600258846,-0.0018061821519026466,0.023649179605120585
2019-11-03,0.03722388501691132,0.04405751506463762,0.0012975650543598505,0.012539173144626492,0.0016586340599780147,0.016587850927939796
2019-11-10,-0.03771283066452158,-0.03490482771349901,-0.028577292190313686,0.005572764997754387,-0.005870832272419135,-0.016026807501174023
2019-11-17,-0.024020304686890648,0.01593203179216318,-0.0009126562571645236,0.012315318088559568,0.0036341287165715386,0.0012583392879925714
2019-11-24,-0.006156345555710985,0.028165408253507218,-0.0009135971892089145,-0.0012165728171502632,0.0014333316604222546,0.0015819958810807666
2019-12-01,-0.034098347202406565,0.004956885380490439,-0.001266038391358526,0.015225334886625808,-0.0005273621410074592,-0.0016977786978347176
2019-12-08,0.052953242468625206,-0.005970806923435101,-0.002394616406265704,-0.0002998896666899231,-0.0009043949639091498,0.00867962320154625
2019-12-15,-0.012894853173929244,0.0010446082161246206,0.011507271112229489,0.00690067595562005,0.0009052136345615303,0.001848850476521502
2019-12-22,0.016329128177721364,0.023480412402162587,0.0004536742180347719,0.020858072693623164,-0.0033161532024826856,0.011734609575357657
2019-12-29,0.023136212326335004,0.0022940165445561878,0.02577691606936927,0.0032107593619588037,0.003176029578787487,0.010763482975531202
2020-01-05,0.00439708605206568,-0.009918574939532854,0.02271498741284761,-0.008437506832770003,0.003919712040686418,0.0017551646969344858
2020-01-12,-0.02188878635506475,0.014384778100279716,0.006217565688486193,0.013497624992892199,-0.0009009995779143409,0.002334967678081279
2020-01-19,-0.030690492639773748,0.025829350250758276,-0.0015199796704106205,0.014475969506278163,0.0003006804874190472,0.0012770081962742985
2020-01-26,-0.025725633408082316,-0.017032825085833925,0.00963025123347383,-0.003710076047903743,0.005409475489754456,-0.005162431037992188
2020-02-02,-0.04468494723221195,-0.0647916892166398,0.00957130443246168,-0.016900605991598927,0.00807044173633198,-0.017503481284584343
2020-02-09,0.033309587832836884,0.03218814565245265,-0.013539004635501062,0.02972029332265702,-0.00415120521816692,0.015611663777095997
2020-02-16,0.004115274060063401,-0.040473067165316734,0.010005623800397379,0.021505328756416198,0.0011910351829020893,0.005423682992157897
2020-02-23,-0.041666878039792965,-0.02163806464383944,0.03692122811002441,-0.002493079124432751,0.0038662027692262235,-0.003318979936085653
2020-03-01,-0.1375622959953624,-0.06438963814620968,-0.03060974348931167,-0.12857537841088873,0.008443188813325841,-0.07705489735957627
2020-03-08,-0.13057834089933051,0.04787580306086592,0.04947160146649798,0.022307287731329062,0.027320807290330373,0.006334664363517595
2020-03-15,-0.37452477508279924,-0.06596260718446234,-0.08593848764152134,-0.14401503999010656,-0.01901632520200336,-0.12737219157004476
2020-03-22,-0.2629178576739696,-0.11311504781364967,-0.026968505013020283,-0.07064816793114759,0.007287567345168666,-0.0652706408290692
2020-03-29,0.07010283902231706,0.06514988572385594,0.0962419775033565,0.09149682768764622,0.019968126772253125,0.06773689952943851
2020-04-05,0.10982658299570724,0.08867313162808843,-0.007033555702434913,-0.018129569882091467,0.0012768331680061973,0.011329780852080473
2020-04-12,0.16666663237474388,0.0520213594564487,0.03908618058409763,0.11956125821406483,-0.003683793276923253,0.0651386738055506
2020-04-19,-0.04017869110038741,0.0429499832123339,0.008782120369100976,0.021227942544581158,0.004266255020759058,0.010898463420949245
2020-04-26,-0.12248060553172913,0.012733610732108325,0.01114088574365879,-0.02270549988575421,0.0004247915339870012,-0.014601172476399249
2020-05-03,0.16077789691108468,0.006955782947946743,-0.010325705194198842,0.012107357516342176,-0.0005661842132118622,0.015412638358303532
2020-05-10,0.04413969291763342,-0.011158604412806139,0.004410683519486591,0.02521819500811162,0.001841060080643997,0.012320188340950722
2020-05-17,-0.11078720659710217,0.0246188231885045,0.023955096463085246,-0.012141227771959251,0.0009895348733119924,-0.006347843780737716
2020-05-24,0.15737709079732465,-0.006885628502400043,-0.006506704281938447,0.03367917891398586,-0.0005649049132397943,0.022055496932121388
2020-05-31,0.0807365973282339,0.01840022647549322,0.0016969048792965236,0.026559622667783334,0.00014133300416729888,0.019150825167574936
2020-06-07,0.2175624183379452,-0.05760686121346681,-0.03307775950846814,0.05685918454308592,-0.0072054555669143205,0.02583027620921241
2020-06-14,-0.08719077050542612,-0.062239286051676834,0.03236514086908193,-0.05878173579904866,0.007257750969037469,-0.029425361389492144
2020-06-21,-0.008254535144804231,-0.00977809081041714,0.006043821453453724,0.039467725975395496,-0.0004238313056548204,0.012292455882583875
2020-06-28,-0.045184173143225315,-0.041292521732483656,0.011896626232148044,-0.028804128441538013,0.0015547789448984162,-0.016266920078014002
2020-07-05,0.056039511764406136,0.07709115844027514,0.006755761729226428,0.03654875275517,0.0008467055895706732,0.0277458972276321
2020-07-12,0.02594351686465557,-0.01970434607178906,0.01304328630992635,0.013294882065211011,0.000705062789746469,0.008270529204136068
2020-07-19,0.00919551002360186,0.07153385848800298,0.006451982706151771,0.02424410840920932,0.0005636313208301491,0.018071657147462172
2020-07-26,0.025057058503334284,0.038896740587841094,0.04906262659321037,0.006683421873756812,-0.00042245850435707055,0.019437296697920825
2020-08-02,-0.02757004131884966,0.02177397103661205,0.03976095503937027,0.002212946417170958,0.003099374202651717,0.009225181029103968
2020-08-09,-0.005766845046462299,0.008986447582456591,0.028471408423231148,0.028981486346320917,-0.00028085174049863326,0.01634940664908724
2020-08-16,-0.0011603312887021877,-0.010143035671887457,-0.04226135151005206,0.015289691885418177,-0.003793153159719398,-0.0063298767277455426
2020-08-23,-0.04181154324980185,0.02154485240230497,-0.0034474099430005234,0.00792610472528632,0.001551163097962327,0.0001950802628472026
2020-08-30,0.030302806059935072,-0.02494870936399607,0.01671101379267892,0.036959365426385116,0.00014083549286469932,0.016936622421677594
2020-09-06,0.03647072408294849,-0.040886082665531065,-0.024340421167832638,-0.03816992122881835,-0.00021116978609314607,-0.019479345782328572
2020-09-13,-0.060159106466471046,-0.007975844771790919,0.013546831400572446,0.0013140404221572144,0.0013377627475830156,-0.003830363950929949
2020-09-20,-0.008453955468631369,0.015525172497325324,0.00238208836261955,0.009448835295783331,-0.00035158944823943106,0.004504605252483307
2020-09-27,-0.09135201415676508,-0.01583404255108356,-0.04657675424901642,-0.02522094199418412,0.0002814134165936011,-0.030071699939653973
2020-10-04,-0.08310959384436789,0.009154009446646905,0.02401067189804218,0.028540934833801268,-0.001054842473745654,0.008009879107204076
2020-10-11,0.059941009552305635,0.011269783841021619,0.010060582871200818,0.03397296452123921,-0.0011263104664167578,0.020736151697152483
2020-10-18,-0.05379305267083012,0.03153043440399039,-0.014646034753659998,0.010283417566992359,0.0002819488840222206,-0.0008658856048406882
2020-10-25,0.06705561046716269,0.006060643315834557,-0.00016303240944981479,-0.018867883430121246,-0.0022545252833207075,-0.0011022417320739608
2020-11-01,-0.0942625273381773,-0.07071767797344064,-0.009702424801687592,-0.05339070308479843,-0.00042365174878111755,-0.03813569956231455
2020-11-08,0.11161394042121975,0.025930114479000066,0.03858608422576748,0.07778668428979985,0.0007770599904541875,0.049025980175058104
2020-11-15,0.15739504296113083,0.07190055938054418,-0.03165630194758007,0.0034722071108153063,-0.0016234610751162393,0.01604195001247355
2020-11-22,0.0633060527991336,0.0016002406472817032,-0.009223393990137052,0.012852211308211237,0.0014140055485720726,0.00990358460092633
2020-11-29,0.09592047822555627,0.014441105102772411,-0.046270762405751564,0.02147391600647186,0.0004942623871819762,0.010768315526400007
2020-12-06,0.09859174005085936,0.0835345923874844,0.02552846358164862,0.0019110849305061794,-0.0021876565005656268,0.026030054653817913
2020-12-13,0.01923077750099944,0.01933602676389956,0.006392260538584438,-0.0038149702587307877,0.0033947030201393336,0.0052285438630113035
2020-12-20,0.014375490590576412,-0.08365774533177628,0.020845522773717207,0.017711864530582266,-0.0009867450298163272,0.0022017012445527673
2020-12-27,-0.028343806351501133,-0.010880966051949104,-0.0046869627021224325,-0.0009407552939015851,0.0004232930454954875,-0.006055942741894693
2021-01-03,0.023700810542134798,-0.012342445636253863,0.010381926480816484,0.008945411304381423,0.0007757447671663531,0.007180859666917616
2021-01-10,0.04096191600366428,0.008693619432866395,-0.018778915904815174,0.03873074717155234,-0.0054260041758178446,0.015660098538542
2021-01-17,-0.06757916331337643,-0.011581033174407951,-0.015249633629707326,-0.013477140221226813,0.0009211058762554902,-0.017984306488115775
2021-01-24,-0.06513765446912256,-0.004087531962964963,0.013765105026628754,0.010929038637187194,0.0017696608794450785,-0.0016323893548055857
2021-01-31,-0.013738713429468419,-0.01778371605780449,0.0011408004147812623,-0.02432436472834787,-0.00014135296676776044,-0.012556768016763309
2021-02-07,0.10149220533514236,-0.016716377915607428,-0.02537451695273074,0.03231767164684851,-0.0009893949798477353,0.017348434197056894
2021-02-14,-0.04697371071527634,-0.005727354191441325,0.009410340993128319,0.004472203550602849,-0.0003891336610977181,-0.0032349879656332625
2021-02-21,-0.04739317013862898,-0.008064386927449374,-0.022769640399002755,0.0031167232870124018,-0.004493786771518238,-0.010654586578772052
2021-02-28,-0.21094562203856193,-0.02758430076500973,-0.03555740585421896,-0.038171353046665524,-0.010094534637299923,-0.05134786902278543
2021-03-07,-0.021437156257004375,0.026873585818818047,-0.015436706348117446,-0.03137980169735566,0.0004308621802064927,-0.01460451325792167
2021-03-14,0.04639160128325592,0.015993168801532898,0.00965084609234812,0.0595521683482807,-0.0013638823109325404,0.030934142881793525
2021-03-21,0.045566424709248654,0.016885939309750464,0.016162058602139595,0.002023384746270729,-0.00028747331466727477,0.01005341742461141
2021-03-28,-0.04475861840079498,0.020264716478991973,-0.004035564841431638,0.009647752033207446,0.001006610496155469,0.0008250256142823265
2021-04-04,0.019728928932754464,0.0013792383280386566,-0.0030390283837831156,0.016222212049696205,-0.0015084521765967862,0.007693480050504187
2021-04-11,0.002418403603764885,0.008264429915930904,0.009025221371461445,0.01552589310255481,0.0010071174388943671,0.009255760267202318
2021-04-18,-0.020506695202449632,0.05382541099897442,0.01978436318555632,0.027131829747854663,0.0023715547648544,0.01888260274333886
2021-04-25,0.07564349411508986,0.0023330852908431954,-0.0005808904588077146,0.0020964040360933467,0.0010037237879039207,0.008385414617051445
2021-05-02,0.004739509347109205,-0.0002585521688952541,-0.005259786075427986,-0.007112974017043028,-0.0008594407777109403,-0.003571229072756754
2021-05-09,0.06957578985701174,0.024062224076354388,0.03759748534655216,0.020227541150263928,0.004301119021617339,0.025659608387885502
2021-05-16,0.06725425109377814,0.02107958641710539,0.0024776307814606824,-0.01652208317458459,-0.0027123830567982177,0.0027513619902008735
2021-05-23,-0.02685934915747512,-0.0017492354914983022,0.01951921657778355,-0.001679924782691522,0.00042941281183472846,-0.000223739726368688
2021-05-30,0.08386412810114696,-0.030537829412890072,0.010467997274847152,0.010096750799168719,0.0018600265353161394,0.012123917524910155
2021-06-06,0.13516150462078858,0.01084406290126605,-0.0001908544605783158,0.002915439156889965,0.0007854942561074107,0.018381921792220313
2021-06-13,-0.01121656566734952,0.025542746748069334,-0.008970873411544678,0.0037375478767875947,0.0022833202865146784,0.0014844264193465406
2021-06-20,-0.00785327598436858,-0.03337456979364928,-0.053735034044164465,-0.017376916630872374,-0.005837597473430489,-0.02231959658437821
2021-06-27,0.05101131805075654,0.004379974457931368,0.002326086769407709,0.025684236225329116,-0.0005727645954992644,0.017529749897269298
2021-07-04,-0.0025104406546448965,0.01924068625405928,0.002146641424212614,0.014367753093255775,0.0020777622047347677,0.008136540963153527
2021-07-11,-0.0864093119759396,-0.003020337704772613,0.013865595621496807,-0.0008093302774585531,0.0046474609870426065,-0.009016308180389787
2021-07-18,-0.01928380223257853,0.01868230284655903,0.0010849532699857,-0.0016201261507534648,-7.113022010296621e-05,-0.0008355789563309068
2021-07-25,-0.013108629217884915,0.03296152733337876,-0.005675470457926379,0.009330610377106474,0.0029893108109986244,0.005343004634732917
2021-08-01,0.012333821239279175,0.02711153995647697,0.012104091687181517,0.0028135693140713958,0.001844979493430321,0.008156999017475908
2021-08-08,0.04779797481178116,0.06232639072620816,-0.033611023759880565,0.006813630104030466,-0.0032581915210500023,0.009157911727678103
2021-08-15,0.014310973868590926,0.07566027486897275,0.007536678370142935,0.009554130696656893,-0.00042636127112904987,0.01600160426830244
2021-08-22,-0.10934747867524064,0.004950334821972602,0.004977126695068224,-0.005126224960032788,0.0009953034693837015,-0.013990804535745194
2021-08-29,0.1753630582387118,-0.04351373613288256,0.013119783350649339,0.01545784003460593,-0.0012429193747494072,0.022162278605515562
2021-09-05,-0.06779668143984896,0.0051500475308645655,0.013464427797805323,0.00644024210670735,0.0011732855902777395,-0.003100747935782522
2021-09-12,-0.04880382343467371,-0.026686441950346862,-0.019265448448386846,-0.009889438133628303,-0.000994384518251179,-0.016655615426764303
2021-09-19,-0.02313864910422625,-0.03728895720359304,-0.02436078449546586,-0.007833950550736546,-0.00248838151378894,-0.015072077744498702
2021-09-26,0.06076195836489395,0.0011391793041735099,-0.0008254194277733662,-0.0027635094763148738,-0.003777610604194681,0.0052138459199884135
2021-10-03,0.04271851782717051,-0.022986119633790714,0.004425562014502393,-0.026128259755812455,0.000787011568928131,-0.007141176088821144
2021-10-10,0.0074485415298302105,-0.011180853833675286,-0.0012924522331420052,0.018699149485345457,-0.004432444626349619,0.005965711783972205
2021-10-17,0.024953863827696265,-0.022615003075655338,0.008470602596507337,0.02394255364151765,-0.001364262459509713,0.011343239496785396
2021-10-24,-0.10279517421763673,0.04025082982094963,0.016273875678964433,0.024941519620195196,-0.005752520382721338,0.0028586093355273956
2021-10-31,-0.013065492988126315,0.013438492623398579,-0.012626970109570146,0.02547528881102834,0.0011570723828506768,0.008625206681161401
2021-11-07,-0.010183016765627273,0.11133964186259804,0.019647764382936472,0.027067166042658908,0.007079470043918956,0.027766829977697194
2021-11-14,0.05246860512928131,0.032020588817227136,0.02707941337912456,-0.015884495376848662,-0.007460071139819835,0.00629975353369483
2021-11-21,-0.04789801071265343,0.021516160908821913,-0.002442287036313995,0.0073367151104763995,0.002746295412460631,0.0003518408855935906
2021-11-28,0.0749486582962966,0.06299190522255249,-0.03394172079948177,-0.02112162938978457,0.0002882399000563307,0.0021070406548415743
2021-12-05,0.01528152246316683,0.005000202586636693,-0.010252268340955828,-0.005208310789413084,0.0006485452916920043,-0.0011638609256736654
2021-12-12,0.19157128203515672,-0.027455450890982225,0.005470219165728318,0.024682118663477803,-0.0020521576331298252,0.029472177158744284
2021-12-19,-0.04259109711691711,0.12694224054911585,0.009781238878031395,-0.0036496490095603296,0.003066510682308232,0.011608691908551405
2021-12-26,0.0,-0.012945582349167206,0.0024072801398906662,0.015750927369699186,-0.004387862117713914,0.003933846734571977
2022-01-02,0.01760887256500765,0.005791200608590064,0.006175320686281793,0.013703608885259566,0.001156012267003348,0.00977449066969438
2022-01-09,0.0027322793367570153,-0.05639288520690222,-0.015513983682452048,-0.0184987707745613,-0.012484743414065913,-0.019746681176526004
2022-01-16,0.1453223812039186,-0.01381906991456694,0.015873931613956893,-0.01631028490216402,0.0005115998691338497,0.013625645339155001
2022-01-23,0.0047581962475258255,-0.0393085103072317,0.008466334381885376,-0.029845227861402535,-0.001314790225370066,-0.015133706403079317
2022-01-30,0.05603750893892756,0.029172138443186446,-0.026932605895680584,-0.03873909839419787,-0.002559722487112226,-0.007085972603478319
2022-02-06,0.013453395274190205,-0.017063010488367447,0.011233366969819247,0.02568153426494235,-0.00667255924276644,0.01006157749625336
2022-02-13,0.04646008036133553,-0.04188681986457499,0.015918453899523177,0.006548539379403362,-0.009079469376657046,0.005558903125487236
2022-02-20,-0.012685079373438768,-0.044308722920999855,0.03207080656143391,-0.02104857461634957,0.006927835501530977,-0.009524574022298893
2022-02-27,0.012848058009078622,-0.016690656277375093,-0.003932069347950207,-0.005082062593992576,-0.002589264255882573,-0.002831140109121222
2022-03-06,0.022551172605624226,0.019488638456335305,0.03887272526792396,-0.010216118706780075,0.013647798827556734,0.011216001194575442
2022-03-13,-0.05168851737760627,0.03329916519839271,0.012771787120077427,-0.018261253754217055,-0.01661059718740765,-0.012265120893685588
2022-03-20,-0.03633719829376947,0.08434432888403731,-0.028712843575222635,0.04852409159531024,-0.008185178275998739,0.0158409073013539
2022-03-27,0.1078430592615176,-0.031737356813395845,0.014968578224523243,0.010798255919842292,-0.01838095184672095,0.01653648698911292
2022-04-03,0.027910134414588672,-0.022925269659046843,-0.014800654939063351,0.005341522391735243,0.00015289111144034528,0.0014307260913641873
2022-04-10,0.03907300849296136,0.06980804271443852,0.008799223879619511,-0.0015180612883586297,-0.008253108864568204,0.01546535139796723
2022-04-17,-0.062460338971078944,-0.037158007095542844,0.00989256764219748,-0.01786390432895657,0.0003082797449387442,-0.021327843247461398
2022-04-24,0.02160451640785155,-0.09393794354984131,-0.01664210859937365,-0.013544906323643247,-0.00855030463508899,-0.017684326334604372
2022-05-01,-0.022334434576928852,0.019530327697492078,-0.012532113981322923,-0.02628482080463157,0.002253074904871255,-0.013199272831724396
2022-05-08,0.037582911113127615,-0.0006112783943361677,-0.009274360931674774,-0.028605926398166504,-0.004263589548510138,-0.005953203790612593
2022-05-15,0.030539866993303022,0.017944423553514888,-0.0407839110030096,-0.024056404356001426,0.008407955287767388,-0.006065902371362508
2022-05-22,0.06271527058270943,0.0596532315881213,0.017891761699551756,-0.04356147454175985,0.0023932491431730707,0.008040690058852551
2022-05-29,-0.07522711815686134,0.02744427964138829,0.005130265856526206,0.07131755207451818,0.005237276291973458,0.013552716457307268
2022-06-05,0.09307616561910725,-0.013169999254839637,-0.00708430993581477,-0.01617591402422547,-0.00996018241804586,0.007320352309518219
2022-06-12,-0.06840621197830732,-0.06071450430704506,0.0122471498639396,-0.0383642442561023,-0.011917666777429115,-0.03525144314120365
2022-06-19,-0.12112036403423854,-0.06884116660395045,-0.010544977099112618,-0.056992515015248824,-0.005012526536017692,-0.05504037809568285
2022-06-26,-0.05684763410950022,0.1087471522402641,-0.007740660154035961,0.05160393298653454,0.00889481458811825,0.021357726566541224
2022-07-03,0.07397292042620163,0.01395607014715683,-0.013227792078160938,-0.02166231919925088,0.012678474082975733,0.00676419309442533
2022-07-10,0.0025507514637306272,0.016440614499344308,-0.03374197681041635,0.03276097645566356,-0.01136400374078117,0.006393847003697717
2022-07-17,-0.0474978966138494,-0.02670701831785005,-0.02246987210100415,-0.018595460318218016,0.006000537482252488,-0.021524038802534062
2022-07-24,0.03650953692180847,-0.010048187988500601,0.015556782905418398,0.03967897358624062,0.008250077245479437,0.022833912082327767
2022-07-31,0.22680381443491915,-0.014054322385418372,0.018005907956458733,0.026586657261878255,0.00841305544138149,0.05221572123927376
2022-08-07,0.011904882089731395,-0.01698057128769126,0.006453072869890164,0.008354170890944479,-0.013790457589285765,0.001977062276567354
2022-08-14,-0.05743926736548355,0.01704891622036131,0.011657729240273085,0.03065450662088609,0.00123612221176983,0.0028732915703599815
2022-08-21,0.21074533542038365,-0.01915782892064799,-0.025409101890662256,-0.002009615705268475,-0.006095744658305535,0.03338416698559321
2022-08-28,0.07906292236421564,-0.0474059469480157,-0.00815837820761578,-0.02738623871386181,-0.0026783730086338275,0.0013349848876853532
2022-09-04,-0.020352889847500277,-0.02392133939638008,-0.012636408904976859,-0.02981363663467862,-0.006344100223753646,-0.020716315956105125
2022-09-11,-0.04432134576095703,0.04682702759325008,0.0011470114603504555,0.01963290987969124,-0.002663564145874542,0.0007107048538725902
2022-09-18,-0.05072448671841123,-0.0378343297791901,-0.023154826475434875,-0.05818331624783235,-0.009425787222169357,-0.04132939405052205
2022-09-25,-0.04198477483509211,-0.04236371388028071,-0.016543164665316246,-0.0444444444444444,-0.0154626670272342,-0.034837343623248085
2022-10-02,-0.01673308648781946,-0.0072595535687588475,0.014624569828973533,0.000930253849473095,0.0027383724860050584,-0.001787255331120563
2022-10-09,0.1628849386847948,-0.03290672344340084,0.016888407605362143,-0.006505636339174226,-0.006104434829160232,0.03300957272426275
2022-10-16,-0.02787467228369167,0.012760002681944993,-0.03212068756818076,-0.009354483790524615,-0.007839027294723633,-0.014931922558003574
2022-10-23,0.15053756758751669,0.048763311782195284,-0.002074178619704159,0.006609980530275283,-0.003502486901795332,0.04533702721268096
2022-10-30,-0.16199370697242987,0.05517232742541722,-0.0011337653821650306,0.06941836601412432,0.010871357453545949,-0.016210916295359756
2022-11-06,-0.05947959228906541,-0.004427337076832516,0.019295022569230325,-0.022368348184162223,-0.007520015516659928,-0.020670824125885612
2022-11-13,-0.08616573399555594,0.01668698292048698,0.05221158527733061,0.0592193647647945,0.01694640595776531,0.012772649427850613
2022-11-20,-0.018166413595460118,0.013235360568412124,-0.0021458653785253468,-0.0059297455899125495,0.0011216102386695237,-0.00434939515759758
2022-11-27,-0.09251082128945776,0.02031924721492051,-0.003682427323754567,0.026416738703550546,0.003040951153985505,-0.007152327734276542
2022-12-04,0.24876017123356808,0.034546041009315465,0.023181537714112244,0.009132391530136674,0.007659220854604243,0.05932183210729969
2022-12-11,-0.06052614656768163,0.01591026461726952,0.007108979870340093,-0.016865481547480243,0.0015835070737111323,-0.015801924975453074
2022-12-18,-0.12511687254487114,-0.006187158925406555,-0.007862238836082946,-0.033891191584554226,0.005217420253829319,-0.03930882726879492
2022-12-25,0.18356462242139004,0.008365821273950802,0.004685316611037882,-0.008228693495106909,-0.007313622824728583,0.03307165848088811
2023-01-01,-0.03967549185558883,-0.011383516187385534,0.012291982709575766,-0.0017466816089527493,-0.004832453411465765,-0.009637248479437255
2023-01-08,-0.03474162207813225,-0.006245030228872239,0.02283520238496206,0.007874028887570272,0.011144673347194711,-0.0001783092167069178
2023-01-15,0.05447480580557973,-0.06029078108987185,0.026857217134167888,0.03081593126127724,0.00795152072841443,0.019284527745450752
2023-01-22,0.05719561492522418,-0.05726211805521653,0.007635261147397765,-0.010526315789473606,-7.806378919972268e-05,0.0027747417822281406
2023-01-29,-0.014834324614401928,-0.02926189108854005,0.0026870163106185174,0.038723397762217227,-0.0014841621236153513,0.006606948028799575
2023-02-05,-0.03985820502382442,0.015402956925874678,-0.03322969711328516,0.027857448153482123,-0.00015649121625893603,-0.002857904225027297
2023-02-12,0.06365287404373943,-0.004085268225397898,-0.00454599901331354,-0.02152255529068392,-0.01056254205389684,0.0028858299867307036
2023-02-19,0.0017349997490829772,-0.015269034134808734,-0.012586291699511087,-0.0016292875528211015,-0.005693509615022019,-0.004783947051910764
2023-02-26,-0.01471859514760454,-0.03378842992819431,-0.012013563712069852,-0.01876789014792568,-0.0073962169633831065,-0.01672989500835642
2023-03-05,-0.019332484127687954,-0.01437126277325007,0.01763998612884876,0.0108108206706794,-0.0017626890874652412,0.00039639841354888183
2023-03-12,-0.025089336303189325,-0.0427703610525183,0.005104923651697346,-0.028383325457314257,0.011076369880210102,-0.017734680715567164
2023-03-19,-0.08180162729579354,0.01802490723170891,0.05603621503336087,-0.0071972934061700355,0.022465680746453387,-0.005783090660527179
2023-03-26,-0.029028991712976016,0.007231752702628214,0.01374129672041291,0.0017057145789916017,0.007142842757353218,-0.0009395723112144427
2023-04-02,0.07525781070347382,0.01015110884699677,-0.0037015351864608803,0.039165606013547904,-0.009790350451047147,0.027474280367046244
2023-04-09,0.024928039069530783,0.0171568886761162,0.01575088650287859,-0.008602994091985727,0.01479181938820151,0.008984760487179777
2023-04-16,0.12815725439946446,-0.007470046948234721,-0.005872955468877672,0.008471070960460292,-0.011430804935910865,0.026220788481689405
2023-04-23,-0.03814276286786933,-0.02379215643722188,-0.010467970460085185,0.00020484165646172947,-0.0014744873545422532,-0.01320498539197823
2023-04-30,-0.08448295777474246,-0.03282747182261314,0.006441454554578785,0.004506374888946452,0.006839239102630845,-0.018666695021738233
2023-05-07,0.1328023529785236,-0.010285616901150374,0.01170777440810844,-0.008156637814259349,0.0037822479570241985,0.026551927465989777
2023-05-14,0.09611825776493133,-0.02961785407588935,-0.0009771495642340033,-0.008634830884366562,0.0017687711335239165,0.01649046424400291
2023-05-21,-0.012647521217833968,-0.004876016890234425,-0.014518159207516979,0.012235589748068598,-0.010516698633947774,-0.003557184755128562
2023-05-28,0.022203265659367588,0.022572631837709523,-0.02032180245982007,0.0026633323040450296,-0.012955706893918673,0.0031578162542063026
2023-06-04,0.0225565654922133,0.020212811140257747,0.010664960342445129,0.023702490395637765,0.008095505169584793,0.018632764886499897
2023-06-11,0.12418284085921849,0.015902107621825978,7.913992373254075e-05,0.01357286079613429,-0.004288129158885545,0.0369735491091252
2023-06-18,0.010174356632267623,0.027970207209676357,-0.0016090779431138236,0.030326919112790396,-0.0021141386344214474,0.01500761380710669
2023-06-25,0.07218680743701333,-0.04393427259240834,-0.01923483028951789,-0.01739296354587183,0.0,0.006697849325990601
2023-07-02,-0.01845275102128885,-0.042297685185938017,-0.0026401157168646217,0.023341777212626535,-0.004080384985083674,-0.0023781252860703983
2023-07-09,-0.015907401569337454,-0.03135218033631004,0.0074009784056523475,-0.003611527070936149,-0.008115338750051104,-0.008498911890505667
2023-07-16,-0.005878111550982612,0.022234824151751376,0.014210688631424606,0.022892041298283816,0.01477480831971878,0.012228280543536751
2023-07-23,0.029564044606327222,0.029735602090874336,0.0013746867240713723,0.012868378499648836,-0.0030528327956823587,0.015008126493034624
2023-07-30,0.0,-0.03556157702143925,0.00047519054955724727,0.00202535063290199,-0.00361180183941745,-0.002789369660854968
2023-08-06,-0.029432887062024515,-0.018292990485412552,-0.011030168804182838,-0.013230382767942195,-0.0001576380789626297,-0.016141985804391856
2023-08-13,0.008135971984303936,0.02912633067703041,-0.012967568619969061,-0.011731863299153322,-0.0027585000133789617,-0.0017173371996994646
2023-08-20,0.01907551448374445,0.017203006116404573,-0.012489255695997015,-0.026191810771463042,-0.0024499925834542413,-0.0043494411061767435
2023-08-27,0.030237880787277183,-0.0076378570343405006,0.008759957059853107,0.007352961800914937,-0.003248325607226654,0.011402008929935592
2023-09-03,0.0486844997355238,-0.01649256434582702,0.01449117052344806,0.02689200296294847,0.0066767664222704415,0.024993685674932875
2023-09-10,0.013112524423500638,-0.04276134068450155,-0.007810782523968052,-0.010101027399459728,-0.0023687567954471245,-0.004428832027749352
2023-09-17,0.03542237606206933,-0.005255450769654391,0.003046409803537209,0.0007558752250829137,-0.0026909089196408553,0.010786307240725712
2023-09-24,-0.007894782980707782,-0.04050485316543606,0.0004569639384828239,-0.027190306865605085,-0.003412429949099738,-0.015019149551487754
2023-10-01,-0.0059681622317018235,0.014683457630010777,-0.038149514159534714,-0.01048138413682742,-0.0007962929818684517,-0.00990924137119753
2023-10-08,-0.060040036367340455,-0.0012059255274506908,-0.011954636362869087,-0.014907774192966738,-0.006136469970204117,-0.02657614939324915
2023-10-15,0.09581260382647017,-0.030787731303861032,0.04839711536669755,0.007566651616514042,0.005693200943668764,0.03723959313966718
2023-10-22,0.04987038634117402,-0.04546874123370159,0.03753441723980733,-0.026877407839248413,-0.007973210130755581,0.008580898257725567
2023-10-29,-0.05428748470539613,-0.01761826143340095,-0.00649721921079871,-0.017465487023483273,0.0028130403413593186,-0.025582834224885054
2023-11-05,0.022831145329676783,0.03819324895199072,0.005022531740779934,0.05415458606947965,0.015067764153193774,0.029914840751138483
2023-11-12,-0.028699026090680646,-0.056941823110517875,-0.026028109532207244,-0.0121568418016621,-0.005369129861690802,-0.0219330712782706
2023-11-19,0.05318452535927798,0.028609119723984833,0.022287536252875384,0.04069073429134873,0.007223910644570841,0.03660049445564306
2023-11-26,-0.044264401401204245,0.019384960405014473,0.009175456604912702,0.014686256976574219,7.883146632226001e-05,-0.007075701037460247
2023-12-03,0.02770437403096837,-0.052131184800883745,0.02851964800871709,0.015413527877154776,0.013318641733275571,0.016209112168735995
2023-12-10,-0.02169628244440236,-0.004496620065108647,-0.025084348754141117,0.0025916214080357047,-0.0020220446658382185,-0.010438888585814543
2023-12-17,0.004704186222894036,-0.07470477169838385,0.014879822157653377,0.038035475980331634,0.016832826371828258,0.013748084081779188
2023-12-24,0.05551841138763125,0.06646646651541621,0.01394901794700254,0.0017786992520425482,0.0035254960831525572,0.024567123963558757
2023-12-31,0.012040647464023113,0.013732489247813895,0.0007531714447583937,0.00958808448958437,7.632890369313472e-05,0.008085825695556714
2024-01-07,0.03569202971500296,0.023619105975534405,-0.006472047448922158,-0.016531875330917933,-0.0029017917745629562,0.00616905862882966
2024-01-14,-0.012092010010922305,-0.026128045266527233,0.0007069605136162949,0.0033977547859034285,0.006356640313304851,-0.003674927736737832
2024-01-21,-0.03671966890783751,-0.014634204995480737,-0.014028353459068166,-0.0023168965728233015,-0.00981730095930644,-0.017142774516815562
2024-01-28,0.08322737525993351,-0.028642228059539976,-0.0031731159175197865,0.014648083271339374,0.0015371374014601091,0.029801873193255224
2024-02-04,-0.0023460047135871465,-0.004905129673889341,0.00754736965886571,0.005985918259767242,0.0029928585446643563,0.0023377748780286645
2024-02-11,0.010582138550220055,0.02339379040350975,-0.005732776031945108,0.007000376796492791,-0.00573833219213471,0.0057475800240296415
2024-02-18,0.029668417419529414,0.0021771540185568927,-0.006175854225096478,0.00834201485225905,-0.005386663829788141,0.011464192574593524
2024-02-25,-0.019209300516166317,0.005068835240868541,0.01356293937576436,0.005860050842905418,0.0008510685520428662,-0.00244049312639516
2024-03-03,-0.03917040512692471,-0.04214693516257828,0.018825747091812506,0.0027416011949754626,0.004638266084451503,-0.011753944202655964
2024-03-10,-0.11390882125933155,0.023692921683658774,0.048741481417753585,0.003075876687760992,0.006540403207257128,-0.027467664826217653
2024-03-17,-0.016238159333853308,0.026451317848797284,-0.006476193382626505,-0.01192505543170952,-0.010473168280381917,-0.00983685458779171
2024-03-24,0.010316250879718991,-0.02075881847627925,0.00124613931938522,0.024137957342739824,0.0062577066078195465,0.011215021473065079
2024-03-31,0.035398360371949655,0.01425447739795871,0.02532316275482116,0.011447816291377144,7.673325785728657e-05,0.01946968852533959
2024-04-07,0.018408818346648204,-0.03927927875171244,0.04673418176730393,-0.023302288335737775,-0.0059111703219935086,0.0015581188075013408
2024-04-14,0.014848420948573526,-0.03000755590556048,0.030107047689025057,-0.0187457135037552,-0.007568236502853987,0.0003692649170312645
2024-04-21,0.047709852595601676,0.005413731007808842,-0.001905184876468513,-0.023793030618542654,-0.0028013432864353316,0.006643952150353849
2024-04-28,0.035215525542549475,-0.023077007846067588,-0.024120418598287063,0.02045902054100157,-0.0012485059721817349,0.012690876310585963
2024-05-05,-0.011074961783202442,0.09488192383403748,-0.0161368734086208,0.006276161201549835,0.009141384622767035,0.0020971798187234825
2024-05-12,0.08160326808476515,0.007191710123421569,0.030453596653380544,0.01767152522855131,0.0012388019322757682,0.0381061673825136
2024-05-19,-0.12060886458252762,0.037911910155314255,0.018635447011736694,0.009193004518214698,0.0037116896099120833,-0.03292583598691867
2024-05-26,-0.013315528971290513,0.00837993942366655,-0.03146656465677933,-0.01248309512496093,-0.0027735023257897673,-0.01335984599147777
2024-06-02,0.04925769311006989,-0.007617683476174308,-0.0019999864366319065,-0.018448954802940842,0.001467880391089027,0.008552195137709884
2024-06-09,-0.06495184979822965,-0.0027913635964410544,-0.008684021027569266,0.022624421471872935,0.0033942947221519137,-0.014837837216758798
2024-06-16,-0.06533686135556316,-0.03673902462249912,0.008490563063010548,0.009870691756676653,0.009840844985164798,-0.016523114320310506
2024-06-23,0.06543907023866402,0.007628098027735453,0.00017815174463975403,0.009437165012656124,-0.00121814735191772,0.022835714868158608
2024-06-30,0.028388848950881007,0.008651742532294726,0.00017818797104784956,0.006009963046474498,-0.0009909663876298547,0.011178745980883198
2024-07-07,0.016563133240456107,0.002501679769179921,0.024936503816565425,0.006637927929313836,0.006485625815273233,0.012366967349710434
2024-07-14,0.02444001391602213,0.031016111451337203,0.009862294349912482,0.026376499804580122,0.003866230707886942,0.020578150847951227
2024-07-21,-0.009940452021753865,0.036307101769387895,-0.0021941566007063207,-0.019916445505920644,-0.0007551038068963623,-0.008171773880502498
2024-07-28,-0.03145907171108275,0.02669331028549249,-0.008623291782687947,-0.009505110237685854,0.002947395465999536,-0.012373401015755903
2024-08-04,-0.060815528940078245,0.0029072569426948913,0.017266130331683893,-0.02978158964194788,0.020872495467837426,-0.023173805643637135
2024-08-11,0.045621692646498735,-0.061781145896273926,0.0015391219313622972,-0.0013642226669522417,-0.005388217822261843,0.008324349580070667
2024-08-18,0.06685451822237942,-0.00875659469237966,0.023264801224402776,0.040300490783982124,-0.00022262544932738493,0.03721503993501085
2024-08-25,-0.05013194031617263,0.021201509387874795,0.012431670118369986,0.022324370506052293,0.007200127760643715,-0.004038376171694891
2024-09-01,0.08629973021599735,0.0038061709748935524,-0.00486220249165481,-0.00802825963070175,-0.00029485256247330227,0.022495681500570575
2024-09-08,-0.03151663771551516,-0.015511854688550986,0.0035195483534804506,-0.029459367607403086,0.008993743277527333,-0.019148087206314668
2024-09-15,-0.014915240043546274,0.024859979476020255,0.026118178804726,0.041360900268568423,0.003799256893490144,0.01534231278082454
2024-09-22,-0.008946956149485819,0.005124617245081398,0.014435627900789783,0.00896863205649523,-0.00443992003101723,0.0025016864618843115
2024-09-29,0.012499841080024998,-0.011216832089517181,0.01367526940278907,0.01730152917286709,0.001974004056664702,0.011556892979533329
2024-10-06,0.04183827725897582,-0.017531754889171136,0.0016814919710415044,-0.015759003971713814,-0.009996427183289969,0.005213825091360258
2024-10-13,-0.02962477640455552,0.020293836961919665,0.0007026572189570146,0.014584624956247128,-0.0036851417083635374,-0.0034954301892764494
2024-10-20,-0.039348686320783255,0.0020576794174360646,0.02172898261602807,0.006562471389770508,0.0005178822903670888,-0.005845432052017374
2024-10-27,-0.026130066107335925,-0.026351771958050496,0.008094364810603105,0.00031052892004890253,-0.0047319733060881,-0.008355419326442681
2024-11-03,-0.049311088326889796,-0.01265374653213125,0.0019694315648826066,-0.015207996893306763,-0.007206011561584846,-0.020868494298349916
2024-11-10,0.04347842911769417,-0.04877185242840665,-0.021092371308791602,0.04916487222807775,0.002169958750802614,0.02295717410863385
2024-11-17,0.03143265719351773,-0.05743998471384837,-0.045526541643230556,-0.013217255311068987,-0.00679450797494785,-0.007781147260346621
2024-11-24,0.055988720904766476,0.03427415048230409,0.05409011859112933,0.019786957566861663,0.0022553228245532075,0.03496783540953596
2024-12-01,-0.041610702984770875,0.021832444726337608,-0.015390441128069199,0.007164229207964112,0.00997589633363316,-0.010399718270955871
2024-12-08,-0.029411853294994406,-0.01831362450694085,-0.0076791188706856195,0.002963795766047994,0.003490540230283612,-0.009485118260816439
2024-12-15,-0.018037594853672068,-0.005829781848811222,0.00738502112866013,-0.010933774533581575,-0.00865895656620308,-0.009297647639082807
2024-12-22,-0.0046060274854422545,0.030492599016869626,-0.01434980604173064,-0.025694669225754252,-0.0028368020356897006,-0.011820736226442308
2024-12-29,-0.03297541267602144,0.009863411953585643,-0.0013451421882841874,0.001226645654052616,-0.002320976269996944,-0.009006958044027957
2025-01-05,0.07037355285740365,-0.0011269436262334454,0.00875492920013543,-0.00857588302935297,0.002664047733469621,0.01845370335751717
2025-01-12,0.03533029834731072,0.00488908577503655,0.018653845704423855,-0.02069812144125094,-0.006174547566616062,0.0058812629198736754
2025-01-19,0.017804175717356152,-0.015718546143753453,0.008943971146248675,0.042586701628707146,0.006476396218338731,0.021473887552937443
2025-01-26,0.0007287549895720336,-0.007984821125059383,0.02262050980484065,0.012102920880868506,0.0018705575115374184,0.008153037875016311
2025-02-02,0.03495998681976675,0.03328607350816992,0.011022611947957062,-0.016442428236650652,0.004406360146183452,0.008981408660433399
2025-02-09,-0.03448269649720015,-0.029411896363917833,0.020918042512348745,-0.013373933768974111,7.431412318914532e-05,-0.013161176900418181
2025-02-16,0.04373164351342007,-0.008158431537471977,0.009593196161837847,0.00800992432420733,0.0027508930645909757,0.017561062219697332
2025-02-23,0.030726356857114556,0.03016049368996776,0.015023743066275852,0.005501231615538282,0.0006673952690625651,0.015764323674755554
2025-03-02,-0.09552845852783165,0.004943090689812468,-0.03048599256249873,-0.034042577121232376,0.010373398242729426,-0.045451418105056485
2025-03-09,-0.028464498881671685,0.01135069528318633,0.02372009094004368,-0.03398363437291818,0.00264007486609108,-0.014713292084619911
2025-03-16,0.03546657952374521,-0.03778540109468953,0.024416344240377308,-0.009283382421154784,-0.0015360350496792519,0.009555881224830642
2025-03-23,0.05435579655196232,0.021773075733369618,0.009207121913172855,0.0037810214583771096,0.0029302554491965616,0.02093597001161096
2025-03-30,0.015536809679523422,-0.0407153859882291,0.0226528954611942,-0.004585695835188863,0.0018260170426771527,0.005630512187093872
2025-04-06,-0.08692637148721716,-0.08885361675337555,-0.018616391201978555,-0.06515299710439504,0.015748057775140545,-0.054436970951138974
2025-04-13,-0.11957334369050754,-0.04614715917049261,0.07080137015053722,0.0017599168366451146,-0.022322713514607573,-0.02667156442776386
2025-04-20,0.005190250881909497,0.010497500083569422,0.01733086749949342,0.008432947511854971,0.010792055571967163,0.00992613417449717
2025-04-27,-0.012048258599796302,0.03523042224941153,-0.00639228747198517,0.029442484003193714,0.0034137220054182293,0.007024192423179532
2025-05-04,0.034788807724598136,0.05584643490154195,-0.010521668359992131,0.03943134219564515,0.00021714643953840707,0.02293867728472443
2025-05-11,0.016365249113418523,-0.07933885987892186,0.030747569233175343,0.012048220457957504,-0.0015920247038240243,0.010605429230329033
2025-05-18,0.01864410675327588,0.0442338711825907,-0.047573168883715766,0.049227821441482966,-0.002537011354613372,0.013134636602797789
2025-05-25,-0.014975087453271807,0.021463034611601595,0.055593545021167756,-0.021772492441963,7.262921874584549e-05,0.0007435794747556734
2025-06-01,-0.025337775727719447,0.007289795446307812,-0.020398627213550347,0.019122216623745247,0.003923910507786621,-0.0038476739390523873
2025-06-08,-0.019064250285561357,-0.005959924287628704,0.012620286625473431,0.010919820832425486,-0.004053253790896494,0.0006418150559961422
2025-06-15,0.1537598319366218,0.05096368452316802,0.027543218575073025,-0.0022820860827338363,0.0035609753825620594,0.04788033384653745
2025-06-22,0.029133854768192524,-0.023227496680527704,-0.016465093097627226,-0.005794523821323838,0.0033312095449813395,0.002088878973861119
2025-06-29,-0.052792612550161544,0.009178237003552026,-0.028363491506147254,0.0343559140799079,0.007795032892573994,-0.008461493486262017
2025-07-06,0.054927310227663284,0.04919379943919466,0.01840331173237031,0.006524240748567278,-0.002363401987500069,0.023534814269471127
2025-07-13,-0.018376729778607603,0.010638248216248813,0.009658543700296285,-0.002946331118658274,-0.0031586678518791267,-0.0041662220449104614
2025-07-20,-0.06318252321543916,-0.046003808755518905,-0.0033635633712967294,0.0035460677111018857,0.002160471341200898,-0.01957400398534359
2025-07-27,0.04912576418301051,0.013077199711235332,-0.006904700058518065,0.003828064535333686,-7.192990343185546e-05,0.013884313070501753
2025-08-03,0.007142753426405468,-0.03609017238669954,0.006485056909566467,-0.026694040579023803,0.008551940306166905,-0.006766047894811389
2025-08-10,-0.044917172474445155,0.04640278939276521,0.012359798475463535,0.01928870957691342,-0.0007124900052427607,-0.001449168643713472
2025-08-17,-0.004125450833513011,0.022782682097803875,-0.014473275057872326,0.010644607143703189,0.0008556411329672109,0.0008428765896320023
2025-08-24,0.02154098578745489,0.029435187347640612,0.010339099691612175,0.014043286657421161,0.003989723255618749,0.01492113352854707
2025-08-31,0.0056772157538513834,-0.04327660900486985,0.01994404032247843,-0.009809583210753425,0.002554645295410607,0.00015135493279738732
2025-09-07,0.00480620078382521,0.004846456117642672,0.04191022572434222,-0.00670161842312067,0.007432071495117265,0.008877943330896088
2025-09-14,0.03439804053904694,-0.040594780899490535,0.015586636264106613,0.013053672421014628,-0.0029508758767801124,0.01473136480465942
2025-09-21,-0.0007917837522741777,0.006702931046343119,0.006349602480752337,0.009410764858127196,-0.0009161079519245385,0.004568601151561769
2025-09-28,0.036450082592579536,-0.011235933275156373,0.029652296645751752,0.004876596843627956,-0.0030328161904601414,0.017243078393179845
2025-10-05,-0.05198779121881758,0.15193601648421673,0.02841360840272822,0.020553846582737068,0.0037848488165506122,0.0061707469056166975
2025-10-12,-0.06451606948963506,-0.09462915782390424,0.033293230340890156,-0.021818147672639898,0.003982115539209019,-0.02186807505129218
2025-10-19,0.0034482724601392345,-0.010895862536116296,0.05991573514962023,0.0002859113864510654,0.002808067138244885,0.014890040729935716
2025-10-26,0.008591015880233588,0.010199921760793984,-0.035843411797886415,0.018644905661488798,6.996504311462814e-05,0.0001257605989619659
2025-11-02,-0.008517838990203419,-0.004442669696906765,-0.029222743639405913,0.0002189327707242672,-0.0040599316014048314,-0.009714642253827455
2025-11-09,0.10481093448200296,-0.008924990177219372,0.00789802591909905,-0.03058361872207216,0.0032331087841850348,0.017720269100644837
2025-11-16,0.02488341034537922,0.0438505752331706,0.020198094725163873,0.008683046126922944,-0.0016113981888500328,0.016325311557468636
2025-11-23,-0.03186646939067295,-0.0007980267694025489,-0.005298104541887727,-0.024390201186157312,0.004069902837774864,-0.01765400910426318
2025-11-30,-0.017241399928100587,0.027955224840137793,0.032926380457800164,0.03294114505543422,0.001886954220219339,0.015379006018669594
2025-12-07,-0.032695362732004574,0.011266546934967092,0.0010362769985057252,0.021070663467331885,-0.0036272619297363917,-0.001253453747613209
2025-12-14,0.009068397002428119,-0.00998848336624214,-0.004436492893811428,-0.007808108603769792,-0.0025902767199198484,-0.0021971005994927406
