,BVC.CL,TERPEL.CL,JNJ,SGLD.L,JPM,GRUBOLIVAR.CL,index
2015-09-06,0.07547666759214747,0.09060658865768696,0.11137694845985903,0.1724885269786013,0.27047330256883056,0.27957796574287463,1.0
2015-09-13,0.07454486159030659,0.09839308358709789,0.11335296572494016,0.16971416995375152,0.2751351648256136,0.27957796574287463,1.0107182114245843
2015-09-20,0.07594257059306792,0.09697734664173421,0.11391407509994264,0.17512182047476263,0.26801042279426146,0.28372321962283237,1.0136894552266011
2015-09-27,0.07547666759214748,0.08735040122418561,0.11099880819756895,0.1761484893510731,0.2703413098442678,0.28372321962283237,1.0040388958320752
2015-10-04,0.07594257059306792,0.09910094863212743,0.11457270246544117,0.17529423942666408,0.2674386820594797,0.2885321313112876,1.020881274488068
2015-10-11,0.07827210255069396,0.09910094863212743,0.11632920594748035,0.17821750481530058,0.2743296543747794,0.2885321313112876,1.0347815476316693
2015-10-18,0.07640848207050029,0.0983930835870979,0.11982992485832084,0.18175208137069046,0.27654452711486777,0.2886812908864134,1.0416093898878906
2015-10-25,0.07687439354793264,0.08494365458684153,0.12235487403764572,0.1788209711469557,0.2829231543194793,0.2885849534625993,1.034502001101454
2015-11-01,0.07734029654885308,0.08027175762919497,0.12323308891450561,0.17568609850669648,0.2846064637729204,0.2800209033102274,1.021158608682398
2015-11-08,0.07640848207050029,0.08097962952952914,0.12431865240170191,0.16731599429732763,0.30325536738676506,0.2801169662684467,1.0323950919542706
2015-11-15,0.07734029654885308,0.07644930832301033,0.12183034619713248,0.16654794189027924,0.29040938318807963,0.279058502177377,1.0116357783247318
2015-11-22,0.07594257059306792,0.07460885097956801,0.12500173299314385,0.16599150869344367,0.2991800562022002,0.2764662245362675,1.0171909439976912
2015-11-29,0.07734029654885308,0.07446726837313565,0.12578805780789068,0.16272340540100425,0.29754111164349034,0.2764662245362675,1.0143263643106415
2015-12-06,0.07780620802628543,0.07418413058148939,0.126500752607636,0.1673081494622293,0.3007304252457961,0.2764662245362675,1.0229958904597036
2015-12-13,0.07966981155345527,0.07149425986310828,0.12494019442252845,0.16537236465018207,0.28380912986254586,0.2745397505255794,0.9998255108773992
2015-12-20,0.0787380140281263,0.06724706959293113,0.12527198414800514,0.1639695144054457,0.28527092339102766,0.2748365476393503,0.9953340532048862
2015-12-27,0.08013572303088763,0.06583133950287208,0.12744687126668855,0.16502753870496922,0.29501623562009915,0.2748365476393503,1.0082942557648669
2016-01-03,0.07920390855253483,0.05988528135098959,0.12621817653537712,0.16312309735754493,0.2924912934791302,0.2748365476393503,0.9957583049149269
2016-01-10,0.08153344898667278,0.059460560952910954,0.1206150085796907,0.16984740060593176,0.26099638362740757,0.2748365476393503,0.9672893503919641
2016-01-17,0.07920390855253485,0.059531348828474835,0.11918966813241308,0.1673395048854424,0.25436346821842043,0.27513581494347533,0.954763713560761
2016-01-24,0.0764084820705003,0.059531348828474835,0.11888242993730574,0.16910287074558822,0.2539622006385048,0.27513581494347533,0.9530231471638493
2016-01-31,0.07920390855253487,0.059531348828474835,0.1283315865237113,0.17160293358956935,0.2653336306161851,0.27513581494347533,0.9791392230539508
2016-02-07,0.07920390855253487,0.056629114483402104,0.12353943008172664,0.17770809279469454,0.2575296627076746,0.27513581494347533,0.969746023563508
2016-02-14,0.08153344898667281,0.057336976100779306,0.1251122148798059,0.18981653597597775,0.25637024690185123,0.27513581494347533,0.9853052377885623
2016-02-21,0.08013572303088766,0.057336976100779306,0.1279875456091564,0.189126872126962,0.2578418258318535,0.27543383467671445,0.9878627773763533
2016-02-28,0.08665839894982148,0.06243359688415682,0.13092013866659555,0.1872459413676524,0.2565931733351377,0.2730178388017917,0.9968690880051556
2016-03-06,0.08293114103641032,0.0622920279883337,0.13181118227103583,0.19560037982400486,0.2677862180878036,0.27398415730722414,1.0144051065148125
2016-03-13,0.08293114103641032,0.06299987932275397,0.13330876418329912,0.19350785377166263,0.26462011175531996,0.2730178388017917,1.0103855888712376
2016-03-20,0.08246526346502561,0.06016843285324511,0.13304889643342394,0.19240280829590967,0.26970380415872713,0.2733177298913598,1.0111069350976913
2016-03-27,0.08386296399127502,0.06016843285324511,0.1340513681046255,0.18759861214796356,0.26524441596448517,0.2733177298913598,1.0042435229529543
2016-04-03,0.0829311410364103,0.07029088654443624,0.1351405319914205,0.18621927249134193,0.26698366088877956,0.26606130868740235,1.007626801639791
2016-04-10,0.0824652634650256,0.07279166054002498,0.13502912850076568,0.19066295302387856,0.2574851435385951,0.26606130868740235,1.0044954577556924
2016-04-17,0.08526068994706015,0.07293826808474792,0.13636581064393183,0.1890406626510113,0.27794502964869133,0.2708989145062347,1.032449375481677
2016-04-24,0.08712431890376575,0.0733047938018599,0.14025207951316482,0.1907256519117146,0.2873791043996737,0.2710664133733843,1.049852361903563
2016-05-01,0.08526068994706018,0.07257173551233131,0.13871737539206982,0.19875876305237883,0.28392007515816275,0.2662259630929319,1.0454546021549347
2016-05-08,0.08339707794337842,0.07257173551233131,0.13953424830716607,0.1985941769769856,0.27673214676158747,0.2662259630929319,1.0370553485943805
2016-05-15,0.08339707794337842,0.07257173551233131,0.14054909404797825,0.19519284303236598,0.2749351371134529,0.2662259630929319,1.0328718507424388
2016-05-22,0.08013572303088767,0.07257173551233131,0.1394104461707942,0.19197960575125433,0.28531257746506755,0.26655554636958595,1.035965634299921
2016-05-29,0.08293114103641032,0.07872934836495962,0.14092937243153172,0.1863681808551287,0.2939380342390571,0.26655554636958595,1.0494516232966735
2016-06-05,0.08293114103641032,0.07872934836495962,0.14304834890798265,0.19058457642443608,0.29038906305249007,0.26655554636958595,1.0522380241558646
2016-06-12,0.08479476151660398,0.07088573503740825,0.14585304790732168,0.19505177950367755,0.28679508783460617,0.26655554636958595,1.0499359581692036
2016-06-19,0.08386296399127502,0.07088573503740825,0.14394585602842605,0.1978888354163633,0.2797869331321799,0.26170905784604553,1.038079381451698
2016-06-26,0.08665839894982148,0.07088573503740825,0.14413284333454726,0.20237170424862116,0.26774725279526285,0.2635033142942392,1.0352992486599002
2016-07-03,0.08386296399127502,0.0733047938018599,0.15118804138914405,0.20547522146566732,0.27520472051750244,0.2635033142942392,1.0525390554596878
2016-07-10,0.0908515513876412,0.061576018841408946,0.15313255208572318,0.2077166678403864,0.27992767541621033,0.2635033142942392,1.0567077798656093
2016-07-17,0.08665839894982151,0.07073913434798992,0.15331953939184442,0.2041429149438653,0.2905670074936522,0.2635033142942392,1.0689303094214124
2016-07-24,0.08619248747238915,0.07147217207160463,0.1558499690429134,0.20318677783189903,0.2899331823532779,0.26384821774137285,1.070482806513457
2016-07-31,0.08572659294798063,0.07139886829924316,0.15609928135505727,0.2071367001382559,0.28961628080268703,0.26384821774137285,1.0738259412845967
2016-08-07,0.08619248747238915,0.07169208338868903,0.15486521674448084,0.20549091113586399,0.30016509791606494,0.26384821774137285,1.0822540143988608
2016-08-14,0.08665839894982151,0.07169208338868903,0.15359379645206123,0.20768531241717336,0.2957282117374815,0.26384821774137285,1.0792060206865994
2016-08-21,0.09038563991020887,0.06817345432820607,0.14948032147845933,0.2061492315202568,0.29817297529572223,0.26419364516827865,1.076555267701132
2016-08-28,0.09038563991020887,0.06597431373614344,0.14937332939891687,0.20424477821424236,0.29980281766788275,0.26419364516827865,1.0739745240956728
2016-09-04,0.08945382543185608,0.06963955719665398,0.14972462026488212,0.2025754786237357,0.3055524903936876,0.2578685605821112,1.0748145324929268
2016-09-11,0.0871243189037658,0.06963955719665398,0.1483569230753435,0.20478554565806154,0.3017495836298268,0.2583551381790549,1.0700110666427065
2016-09-18,0.08619248747238917,0.06890650576243003,0.14838199070394884,0.2011177504090815,0.29799190128920905,0.2577266618695417,1.0603172975066002
2016-09-25,0.08386296399127507,0.06890650576243003,0.1490847198925182,0.20545955571265098,0.30446604635460783,0.2577266618695417,1.0695064535830239
2016-10-02,0.08106752903272861,0.06619423190853249,0.14823142518762483,0.2027400527405389,0.3014780387376346,0.2582138632519284,1.0579251408589878
2016-10-09,0.08199933503456949,0.06744040974928674,0.1496242391579817,0.19102346863928807,0.30835962235688097,0.2777016690332204,1.0761487439712274
2016-10-16,0.08386296399127509,0.06707389088747938,0.14751617447280604,0.19204229268050024,0.307910573807379,0.24993141479993639,1.048337310639376
2016-10-23,0.08526068994706024,0.06890650576243001,0.14234633242650113,0.19439344716069465,0.3123340381176608,0.2535332018505504,1.0567742152648973
2016-10-30,0.08526068994706024,0.07103234258213116,0.1447179144133637,0.19454235552448138,0.31516144613805874,0.2437817386803355,1.0544964872854308
2016-11-06,0.0838629639912751,0.07095903880976968,0.14444185100932092,0.20003622748003333,0.3090050180733775,0.2437817386803355,1.0520868380441122
2016-11-13,0.0857265929479807,0.06744040974928672,0.1486580541079917,0.18854691638342164,0.34972848720496075,0.2437817386803355,1.083882199073977
2016-11-20,0.08712431890376586,0.06597431373614343,0.14475557729653787,0.18521611420314624,0.3543799690020228,0.24412848853238034,1.0815787816739966
2016-11-27,0.08759021342817438,0.07103234258213117,0.14420176702515872,0.18143858693151066,0.3594873976158749,0.24901113166019603,1.0927614392430458
2016-12-04,0.09364697786967585,0.07330479380185989,0.14145998285839778,0.18016113446244628,0.37211955756782317,0.24901113166019603,1.109703578220399
2016-12-11,0.09737422730657512,0.07330479380185989,0.14183905701273394,0.17824101540341547,0.38985890370250487,0.24901113166019603,1.1296291288872853
2016-12-18,0.09784011335447174,0.07828951887548616,0.14641287932478747,0.17447133296687817,0.38735079950469264,0.24446882587007138,1.1288334698963876
2016-12-25,0.09877195326236028,0.08283442131494359,0.14651393627461604,0.17353087356651845,0.3969730228430173,0.2493583306377599,1.1479825378992154
2017-01-01,0.10110146826696248,0.08283442131494359,0.1455663307611217,0.17776295880602244,0.3935071834909888,0.25424761084268893,1.155019973482728
2017-01-08,0.10110146826696248,0.0796090073439065,0.14694356347997292,0.17977710825892215,0.3927320210083835,0.24935833063775995,1.1495214989959075
2017-01-15,0.10343097479505278,0.08283442131494359,0.14479558719788052,0.1829433243638043,0.397564510694381,0.24935833063775995,1.1609271490038222
2017-01-22,0.10156735431485911,0.08283442131494359,0.14422704355066912,0.18454994898365518,0.38367034249499304,0.25705007922666573,1.1538991898857858
2017-01-29,0.10203326579229147,0.08283442131494359,0.14325416151166442,0.18226149339129674,0.39861926237448236,0.25460209563422687,1.1636047000189054
2017-02-05,0.10156735431485911,0.08268780691491602,0.14358267032692662,0.18693245888706264,0.3997656089390858,0.25460209563422687,1.1691379950170773
2017-02-12,0.1034309747950528,0.08415391663866856,0.1456042516934139,0.18912687212696214,0.39894028525409203,0.25460209563422687,1.1758583961424165
2017-02-19,0.10296509722366812,0.08430051047278225,0.15017807400546748,0.18989491257542043,0.4137514601797464,0.2549501928628286,1.1960402473199134
2017-02-26,0.10249918574623576,0.08400729538333637,0.1550677975901611,0.19255954953620474,0.41421000762126475,0.25249874102332676,1.2008425769005295
2017-03-05,0.10762415266240827,0.08415391663866857,0.15744200922041657,0.18755943580683254,0.4255361690973168,0.25691139924698203,1.2192270826726248
2017-03-12,0.10715823270846399,0.08503356876231083,0.16051985935518098,0.18378190853519696,0.41856618627649733,0.25514628605468453,1.2102060416923346
2017-03-19,0.10669231275451972,0.08649964420954023,0.16287280036528165,0.18838233030802856,0.4158149897841572,0.25539567547478875,1.2156577528963162
2017-03-26,0.10762415266240827,0.08796574707798815,0.1595914600688975,0.19144667118394354,0.4002701742147816,0.25775236182979283,1.2046505670378118
2017-04-02,0.11321499714996547,0.09016489452535541,0.15840858748811024,0.1909294143282392,0.4027921631039404,0.25922524401776215,1.214735300613373
2017-04-09,0.1122831911481246,0.0944266111860342,0.15887917077490907,0.19392322343980997,0.39518009044551655,0.2552974916460634,1.2099897786404576
2017-04-16,0.11507863458318297,0.09350536107392383,0.1589682345847774,0.1968229782403317,0.38924167407416893,0.26031432349837336,1.2139312060547582
2017-04-23,0.11414681162831827,0.09289121489843079,0.15486014177849375,0.1967446016408892,0.3897950341223111,0.25530253183244267,1.2037403359008858
2017-04-30,0.11181727967069224,0.09289121489843079,0.15703501660912392,0.1942994048082359,0.40123244944267644,0.25304230765834135,1.2103176730875007
2017-05-07,0.11865572261150018,0.09672969876213469,0.15708591372563532,0.18831179854368438,0.40123244944267644,0.25304230765834135,1.2150578907439724
2017-05-14,0.12007959013003255,0.09596200747363763,0.1572512371938981,0.1883353091317991,0.40086355743671015,0.25304230765834135,1.2155340090244189
2017-05-21,0.11960498175137495,0.09657616735973991,0.16152464118039134,0.19204229268050044,0.3909940984356462,0.2560834363528031,1.216825617760456
2017-05-28,0.11770649737767307,0.09642262224673587,0.1614228960995815,0.19418185186766224,0.3936690393215433,0.26080756312384823,1.2242104700370442
2017-06-04,0.1139094947242216,0.09626909084434108,0.16653903935323675,0.195851163416759,0.3811246835129675,0.26080756312384823,1.2145010349753742
2017-06-11,0.11818109727981875,0.09212350989932448,0.1683954447081001,0.194079964680105,0.40104798140050063,0.26080756312384823,1.2346355610916973
2017-06-18,0.11865572261150019,0.09519430247453131,0.17200584678214215,0.192246067055615,0.3974507884604951,0.26119198961664924,1.2367447170009331
2017-06-25,0.11913035641969354,0.09519430247453131,0.17466883995154164,0.1924419965956312,0.400586877412639,0.26119198961664924,1.243214362470686
2017-07-02,0.11723187204599163,0.0921235098993245,0.16936851106790343,0.19037298113140372,0.421524683414561,0.26119198961664924,1.2518135471758334
2017-07-09,0.11865572261150019,0.09442661118603424,0.16968851655032496,0.18532583426721194,0.4328237366836983,0.26119198961664924,1.262112410915419
2017-07-16,0.11770649737767307,0.09442661118603424,0.1697653537472216,0.18817073501499598,0.42778500423322274,0.26119198961664924,1.2590461911757969
2017-07-23,0.11865572261150019,0.09442661118603424,0.17323492244310398,0.19155639124800908,0.42147835703168723,0.2615769151378046,1.2609289196581392
2017-07-30,0.11865572261150019,0.09442661118603424,0.16880516526721162,0.19444048029551445,0.4232868490991735,0.2615769151378046,1.2611917435972386
2017-08-06,0.12007959013003257,0.09442661118603424,0.17050794538049469,0.19235578711968046,0.4343235478194386,0.2615769151378046,1.273270396773485
2017-08-13,0.12007959013003257,0.09212350989932448,0.1704055490328632,0.19707377379167582,0.4239360796351848,0.2615769151378046,1.2651954176268856
2017-08-20,0.12150345764856497,0.09442661118603422,0.16980380306580298,0.19751265404793772,0.4207826678776466,0.2619624394929853,1.2659916333189718
2017-08-27,0.12292735059663311,0.09442661118603422,0.16858748240410212,0.19775560476418336,0.4261155353927431,0.2619624394929853,1.2717750238366812
2017-09-03,0.12292735059663311,0.0998004844820369,0.16882245455811734,0.20257547862373593,0.4252344966288221,0.2619624394929853,1.2813227043823308
2017-09-10,0.12292735059663311,0.09826510876034737,0.1687580528710975,0.20607869975591284,0.4100243682384765,0.2624567270780043,1.2685103073004715
2017-09-17,0.12530046877852835,0.0998004844820369,0.17322887672091092,0.20233252790749026,0.4248636210955206,0.2629509398087702,1.2884769187932572
2017-09-24,0.119604981751375,0.10287125649132986,0.1692862671275821,0.19822582848506815,0.43974906810028275,0.27482170154580793,1.3045591035014457
2017-10-01,0.119604981751375,0.10440666648954253,0.16750824726432337,0.19658786040059437,0.44290239170105056,0.27224776319672206,1.303257910803608
2017-10-08,0.11628262138262882,0.10440666648954253,0.17164412335897797,0.1946442427120389,0.44944071489534027,0.2697727821703109,1.3061911510088393
2017-10-15,0.11628262138262882,0.1036389614904362,0.17577993801336636,0.19892334912777238,0.4471238227326436,0.2697727821703109,1.3115214749171584
2017-10-22,0.11628262138262882,0.1036389614904362,0.18347184154648524,0.19612546955621776,0.46414870232117783,0.26670640264111733,1.3303739989380632
2017-10-29,0.11723187204599168,0.10348543694334603,0.1826730566457552,0.19441696970739974,0.4746901803834154,0.273443360279577,1.345940876005485
2017-11-05,0.11913035641969358,0.10594204221123207,0.18048272344415178,0.19394673402792484,0.47301092614141527,0.2674989345221349,1.3400117167665524
2017-11-12,0.12197809145675835,0.10440666648954254,0.17981271734135496,0.19531040793153004,0.45481999695008113,0.2699757619534573,1.3263036421227241
2017-11-19,0.12055423241473788,0.10440666648954254,0.17780279733739046,0.1970659289565776,0.4577584384228663,0.2827684785752225,1.3403565421963373
2017-11-26,0.12245270831192787,0.10271771823363045,0.177815687505237,0.1969797194806269,0.45859817573982953,0.2678859559623787,1.3264499652336306
2017-12-03,0.12134101377421744,0.10594204221123209,0.18035392007011206,0.19715213843252835,0.4887764421856235,0.2678859559623787,1.3614515126360922
2017-12-10,0.12279131105690218,0.10594204221123209,0.1822490819448878,0.19091374857522295,0.49409383818750524,0.2678859559623787,1.3638759779381289
2017-12-17,0.12714219442844446,0.1074774384988355,0.1846731584951827,0.19178367621123849,0.49507325990725337,0.2678859559623787,1.3740356835033332
2017-12-24,0.1281090508070557,0.1090128347864389,0.18163977882508628,0.19405645409199038,0.5011835379026018,0.26827342652814146,1.3822750829413146
2017-12-31,0.12472502381412465,0.1090128347864389,0.18112127213065965,0.19828069449639607,0.4988046715302758,0.26827342652814146,1.3802179232860365
2018-01-07,0.12569190562227162,0.1090128347864389,0.1837009154349464,0.20178391562857298,0.5053347961449133,0.26827342652814146,1.3937977941452848
2018-01-14,0.1276256183794941,0.1090128347864389,0.18895105990916106,0.20356294724173524,0.528269176684086,0.2608212864035939,1.4182429234045093
2018-01-21,0.1300427720407901,0.10670975406564305,0.19102516041518716,0.20394698540384948,0.529863227407442,0.2612981578990449,1.4228860572319566
2018-01-28,0.129075898709155,0.10824512978733258,0.18839360008597028,0.206932949680322,0.5453825215917711,0.26368618323470433,1.4417162830892554
2018-02-04,0.1281090508070557,0.1057885108088373,0.17847677248138322,0.20313975665566994,0.5358178646245533,0.2623927017401367,1.413724657117636
2018-02-11,0.12955932266020467,0.10102877683302304,0.1679117869326564,0.2010001974685082,0.5159379398680838,0.26119860174234494,1.376636625504821
2018-02-18,0.12665876200088289,0.10594204221123213,0.1726044715836802,0.20714454497335463,0.5376930472888882,0.2615872699761582,1.4116301380341962
2018-02-25,0.12472502381412469,0.10517434406743044,0.17113962504524272,0.20304569038603087,0.5500244163400463,0.26407854427834004,1.4181876439312149
2018-03-04,0.11844043616187185,0.10179648868743402,0.166991448609297,0.20177607079347473,0.531316624003538,0.25909612043106495,1.3794171886866804
2018-03-11,0.11215584003310708,0.0973438586482371,0.17455769451000505,0.20205037693293348,0.5534470588745521,0.2615872699761582,1.4011420989749932
2018-03-18,0.1102221272758846,0.0973438586482371,0.17440118157591386,0.20074940191716428,0.5412566084209656,0.26447147920458336,1.3884446570427489
2018-03-25,0.1102221272758846,0.09903276577232141,0.16320756379964219,0.2060865206738312,0.5017313881525908,0.26197653704399676,1.342256902718267
2018-04-01,0.11070555122693425,0.10334429993171441,0.16718665662303436,0.20201120059180233,0.5156095999765264,0.26197653704399676,1.3608338453940088
2018-04-08,0.1116724076055455,0.10334429993171441,0.16712144392450082,0.2035472814887189,0.5114837749624912,0.26197653704399676,1.3591457449569677
2018-04-15,0.10973869484832302,0.10174207127931607,0.17040902655192983,0.20556926381812682,0.5197795033757888,0.26447147920458336,1.371710039078068
2018-04-22,0.10877183846971178,0.10174207127931607,0.16524274804106387,0.20457395036502937,0.5252930922703168,0.2621937141838254,1.3678174146092634
2018-04-29,0.10877183846971178,0.09933871116245703,0.16734319413323204,0.20193282399235982,0.5155384574627698,0.2621937141838254,1.355118739404356
2018-05-06,0.10877183846971178,0.09997959988129451,0.16202036582411516,0.20019296872032877,0.5109673085227844,0.2621937141838254,1.3441257956020598
2018-05-13,0.10790164823298426,0.09997959988129451,0.16599943407140086,0.20179176046367145,0.5365557367932566,0.2621937141838254,1.3744218936264332
2018-05-20,0.10867514689829232,0.09933871116245706,0.16208556623459552,0.1973402350960365,0.5236909311240792,0.2624111907406667,1.3535417812561275
2018-05-27,0.10480769595431161,0.09613423329174653,0.15847178494591307,0.1991192786677888,0.5214759922664131,0.2624111907406667,1.3424201758668397
2018-06-03,0.10635469328492772,0.09997959988129454,0.15937113527434218,0.19824935103177327,0.5108259050629758,0.2624111907406667,1.3371918752759802
2018-06-10,0.10906190470745827,0.10013984262691779,0.16305114916997696,0.19821016273205205,0.5235965593013079,0.2624111907406667,1.3564708092783797
2018-06-17,0.10925526242076146,0.10013984262691779,0.1611454195694166,0.19552984805966123,0.5084698272158121,0.26512994711819526,1.3396701470107644
2018-06-24,0.10925526242076146,0.10013984262691779,0.16144774254322883,0.19381350337574488,0.4983379695874908,0.26512994711819526,1.3281242676723388
2018-07-01,0.10906190470745827,0.09613423329174654,0.15947627185784571,0.1910783226920263,0.491033828528264,0.26512994711819526,1.3119145081955361
2018-07-08,0.11172709806042397,0.09581380264293705,0.16527231309715434,0.19157206895961595,0.4903741514149539,0.26512994711819526,1.3198893812932804
2018-07-15,0.11232035217636205,0.08844350011265052,0.16550887041003726,0.1897146607470112,0.5039362330600401,0.2641295200247406,1.324053136530842
2018-07-22,0.11627528072331014,0.0881230557532318,0.1654037584026402,0.18759077927145595,0.5272474397145203,0.2653476731892137,1.349987987054372
2018-07-29,0.1178572775716251,0.08043232257413578,0.17289517005912947,0.1869638023516861,0.5497529375654325,0.2653476731892137,1.3732491833112228
2018-08-05,0.11765950359561399,0.07931074675025632,0.17342090212886005,0.18614874072699833,0.5547754050917592,0.2653476731892137,1.3766629714827017
2018-08-12,0.11706625795618784,0.0721006801102884,0.17184379193604105,0.18532583426721227,0.5483316741121671,0.2653476731892137,1.3600159115711103
2018-08-19,0.11627528072331016,0.08011186450410779,0.176732913406126,0.18013762387433208,0.5437831814621884,0.26556582343433344,1.362606687404398
2018-08-26,0.11920487343594237,0.07850962899640483,0.1786780507934203,0.18419727820334456,0.5433567671635006,0.26466390453803457,1.368610503130647
2018-09-02,0.11859876045142859,0.07850962899640483,0.17702212502713338,0.18334302827893553,0.5428829245223084,0.26466390453803457,1.3650203718142453
2018-09-09,0.11819468512841938,0.07610627573485042,0.1816814230375098,0.18284144913483769,0.541651021811979,0.26466390453803457,1.365138759385631
2018-09-16,0.12001305798800843,0.07610627573485042,0.18455237921990764,0.1826690301829362,0.5377657766245137,0.26466390453803457,1.365770424288251
2018-09-23,0.1192048734359424,0.07314213798900857,0.1890376169561691,0.18270037364755917,0.5583763446945091,0.2627758058077987,1.385237152530987
2018-09-30,0.12021510412602496,0.07530515798099895,0.18280600109373646,0.18197152149882215,0.5346386796629562,0.2652830739687386,1.3602195383312774
2018-10-07,0.11981102032650383,0.07610627573485043,0.1840364530166609,0.1833822165786568,0.5430725056571707,0.263277354255374,1.3696858255692166
2018-10-14,0.1212253263395956,0.07610627573485043,0.17711689049370413,0.1860546864159493,0.5102802146538635,0.263277354255374,1.334060747893337
2018-10-21,0.12688249953289116,0.07923064251570629,0.1839702818499748,0.1871754096033088,0.5148606641331319,0.2634956292575823,1.3556151268925953
2018-10-28,0.13314579418721242,0.07923064251570629,0.18121838461539908,0.18928361336725757,0.4934379077369403,0.2634956292575823,1.3398119716800978
2018-11-04,0.1313274298041353,0.07850962899640487,0.18612687205738698,0.1878807511639311,0.5171031960599504,0.2634956292575823,1.364443507339391
2018-11-11,0.13334784880174086,0.08011186450410783,0.19229229217702706,0.1845421161071475,0.5309872703091213,0.2634956292575823,1.3847770211567267
2018-11-18,0.13031719911405273,0.07570570657496778,0.19315225929482865,0.1862349502029491,0.524784648096722,0.2637141537739678,1.373908917057488
2018-11-25,0.1313274298041353,0.07370292247329603,0.1881776006861546,0.18658762098326026,0.5088489454071516,0.2626089307260922,1.35125345008009
2018-12-02,0.11758855519088177,0.07482448458656626,0.19435623046302544,0.18601551007481817,0.5305102540241928,0.2626089307260922,1.3659039650655767
2018-12-09,0.1262763611188416,0.07610627573485047,0.1936365806251475,0.19008299728033887,0.49281772485679404,0.2626089307260922,1.3415288703420647
2018-12-16,0.12324572838417733,0.07610627573485047,0.1770864038336209,0.18899362951619242,0.4785041067435842,0.2626089307260922,1.3065450749385175
2018-12-23,0.11920487343594238,0.07610627573485047,0.17054884002167087,0.19200311633936976,0.4493043804498337,0.26091729945897796,1.2680847854406452
2018-12-30,0.12102327172506717,0.07690739348870194,0.16945705877953618,0.19489502630479322,0.4619957817515273,0.25639285888394026,1.2806713909335659
2019-01-06,0.12061919640205798,0.07690739348870194,0.17020268556195906,0.19570226701156287,0.48041256858876563,0.25639285888394026,1.3002369699369876
2019-01-13,0.12001305798800846,0.07690739348870194,0.17275911673367944,0.19664272641192265,0.4805621706282267,0.25639285888394026,1.3032773241344797
2019-01-20,0.12001305798800846,0.07530515798099899,0.17401069182011986,0.19552200322456312,0.5030728256502106,0.2616432360061028,1.3295669726700037
2019-01-27,0.11981102032650388,0.07522503318053506,0.1707352620773431,0.19815529672072443,0.4973008492614808,0.2616432360061028,1.32287069757269
2019-02-03,0.11718447986787263,0.07610627573485047,0.17868418253198606,0.20095317629227902,0.4996578086763489,0.2616432360061028,1.3342291591094397
2019-02-10,0.1141538301801845,0.07610627573485047,0.17628750834041168,0.20032619937250917,0.48753669352272455,0.261140040764958,1.3155505479156384
2019-02-17,0.11233544884408356,0.07658694912928321,0.18158681731563123,0.20063184897659084,0.5076903891298402,0.261140040764958,1.339971494160387
2019-02-24,0.10809256471085593,0.07730795579328001,0.18187972764066318,0.2027400527405396,0.5050448485268897,0.26186263382210845,1.3369277832343367
2019-03-03,0.11132524358353674,0.07658694912928322,0.1842098374478478,0.1986882312880354,0.5023030848089882,0.2593446365515492,1.3324579828092407
2019-03-10,0.1183967397429479,0.07530515798099902,0.18504282000073893,0.19802206606854428,0.4954729627044946,0.25692754281424685,1.3291672893119715
2019-03-17,0.12041715874055348,0.07770851809785809,0.18442627921758023,0.19842960286018324,0.5125001784474459,0.2593446365515492,1.3528263739151702
2019-03-24,0.12001305798800854,0.08411746698397451,0.1835014680428422,0.20009892636787008,0.47984069561882814,0.25926374405530334,1.326835359056827
2019-03-31,0.12183143932410952,0.08650480625392357,0.18736160022283824,0.1973715785606597,0.4869113534715065,0.2589611831640393,1.3389419609970767
2019-04-07,0.12122532633959573,0.08351040233815972,0.18252303180377397,0.19686216654005362,0.5065359762207403,0.25936452283147154,1.3500214260737948
2019-04-14,0.12223554855316637,0.08351040233815972,0.18225499249849553,0.19695620889251259,0.5390077292066754,0.25936452283147154,1.3833294043204813
2019-04-21,0.12223554855316637,0.08650480625392357,0.18431906595307948,0.19424455075549876,0.5499129861821931,0.2598803933928177,1.397097351090679
2019-04-28,0.12425595907426001,0.08434217701429686,0.18816576729088644,0.1961254695562183,0.554808199410369,0.2626074585924468,1.4103050309384773
2019-05-05,0.12788202438842464,0.0888337726049857,0.19033704172191793,0.1952163536204815,0.5628053849205228,0.26139541852531484,1.4264699957816476
2019-05-12,0.12808862241333976,0.08900013028233499,0.1863697822937939,0.19614898014433305,0.5453086021397463,0.26190046017137086,1.4068165774449188
2019-05-19,0.12540289047200298,0.08900013028233499,0.1857800171786406,0.19431508251984303,0.5368752169293842,0.2605935298626525,1.3919668672448584
2019-05-26,0.12395674668015681,0.08983191181377674,0.18610165697214276,0.19560037982400574,0.5317376166608442,0.2605935298626525,1.3878218418135786
2019-06-02,0.1256094884969181,0.08900013028233499,0.1769840443501491,0.19809259783288857,0.5135622912178804,0.26302245057195384,1.366271002752125
2019-06-09,0.12788202438842472,0.08900013028233499,0.1869702257272109,0.20453477402389855,0.5290719322358448,0.2608971636648785,1.3983562503225926
2019-06-16,0.12767544331653344,0.08900013028233499,0.18904839357885875,0.20555359806511073,0.5322707006517818,0.2681837261814408,1.4117319920760605
2019-06-23,0.1291215871083796,0.08983191181377675,0.1917473538800856,0.21260706150569397,0.5304289734818343,0.26798122047523115,1.4217181082650012
2019-06-30,0.12974138118312492,0.09066367277930464,0.1879553220911341,0.21480930762210165,0.5418674466834452,0.26808242342550054,1.433119553784611
2019-07-07,0.12891498060695258,0.09066367277930464,0.18969618288140144,0.21310865260838194,0.5500583126182874,0.2782026186467711,1.4506444201410988
2019-07-14,0.12746882833859452,0.08949918960377358,0.18123493662311052,0.21453500148264293,0.5627873568609651,0.303604110038875,1.4791294229479615
2019-07-21,0.12395674668015684,0.08949918960377358,0.1758505205911653,0.21759934235855793,0.5541966558937271,0.3218615115095937,1.4829639666369745
2019-07-28,0.12519630092359982,0.08816834875089324,0.17641727018260397,0.21594570852106768,0.5672778864343702,0.32936313029547853,1.5023686451080134
2019-08-04,0.1247830879207458,0.09149546116605103,0.17687614295466708,0.21991132049762116,0.551219205050016,0.31942867342771036,1.4837138910168113
2019-08-11,0.1245765068488545,0.09149546116605103,0.17818510324972853,0.22925322757197278,0.5356486036252824,0.3091899090694379,1.4683488115313272
2019-08-18,0.12395674668015685,0.09232722898688354,0.17726748058613465,0.2298018398508902,0.525788753712198,0.3122464577400501,1.4613885075563133
2019-08-25,0.12808862241333985,0.09232722898688354,0.17236888502700323,0.23227839210675663,0.5174910417715652,0.3259546668293536,1.468508837134902
2019-09-01,0.12416332775204814,0.09149546116605103,0.17321903399026775,0.2327172723630185,0.5362343172081814,0.3198621045049121,1.477691516984479
2019-09-08,0.1269794030171087,0.09066367277930465,0.1743130885222514,0.23162789264028194,0.5496572433911056,0.3244316073403508,1.4976729076904032
2019-09-15,0.12613429477913898,0.08900013028233501,0.17780719646044993,0.22739581935936803,0.5868509815512736,0.3349921202301135,1.542180542662679
2019-09-22,0.1267681344341282,0.08900013028233501,0.17899005675318394,0.22872814979835024,0.5803592932885543,0.35596096731296906,1.5598067318695208
2019-09-29,0.12148611470518635,0.08900013028233501,0.17484335488362676,0.2269334285149914,0.5745995706909177,0.3508757436246905,1.537738342701748
2019-10-06,0.1202184184421841,0.08900013028233501,0.1817228829291345,0.2288613684919404,0.5594681662965879,0.38891268285267505,1.5681836492948569
2019-10-13,0.11937330172770245,0.08567302472248185,0.1785549859402427,0.22502115429105887,0.5714285716576739,0.38891268285267505,1.5689637211918348
2019-10-20,0.11683795158425753,0.08900013028233501,0.17361968596608968,0.22716853439613882,0.5931757449691377,0.3564363417233569,1.5562383889213156
2019-10-27,0.12042972940772419,0.08900013028233501,0.17450341817885337,0.22951968887633326,0.6200891694995392,0.3615283022944197,1.5950704385392047
2019-11-03,0.11409129895178442,0.08900013028233501,0.17837825915857514,0.22981750560390676,0.6287978242256451,0.3666201131569761,1.6067051313792227
2019-11-10,0.11557026379776719,0.0858393686892219,0.1808255601294897,0.22324994359581485,0.6414918261520672,0.3564363417233569,1.6034133040877177
2019-11-17,0.11303490517781034,0.08600572636657118,0.18346316618089972,0.22304619313788052,0.6373095808049413,0.3518569581265014,1.5947165297946044
2019-11-24,0.12042972940772419,0.08650480625392364,0.18771867876187856,0.22284241876276603,0.643508985295219,0.3518569581265014,1.612861576608013
2019-12-01,0.1185281765367089,0.08567302472248188,0.1869300806572827,0.22256029170538916,0.6482815724556928,0.3569564540257154,1.6189296001032711
2019-12-08,0.13120499506602887,0.08567302472248188,0.19218160139346,0.2220273451794882,0.6644197271686116,0.3569564540257154,1.6524631475557858
2019-12-15,0.12909218208854498,0.08267862766202266,0.19355063798080158,0.2245822740347971,0.6731286022866438,0.3620557752650053,1.6650880993178157
2019-12-22,0.12317635661066155,0.08317768698346123,0.19995762893904565,0.22468416122235438,0.675244012150467,0.37688320514752494,1.683123051053515
2019-12-29,0.12254252543218426,0.08317768698346123,0.19953322415631486,0.23047582598829963,0.6845925527949162,0.38811815485823986,1.708439970213416
2020-01-05,0.12254252543218426,0.08317768698346123,0.19752078510143656,0.23571108147458952,0.6806563089157431,0.40343869960914575,1.7230470875165604
2020-01-12,0.12254252543218426,0.0856730247224819,0.19858854319949118,0.2371766306071619,0.6737855906184552,0.40343869960914575,1.7212050141889201
2020-01-19,0.1227538024916767,0.0856730247224819,0.2042152059129685,0.23681612695034254,0.6843327107140019,0.4039602840451496,1.7377511548366211
2020-01-26,0.12676813443412824,0.0856730247224819,0.20305157642355176,0.23909672574901256,0.6593263815988399,0.3937334714159646,1.7076493143439788
2020-02-02,0.11895075608522951,0.0856730247224819,0.203804453157385,0.2413851932999611,0.6554145130666975,0.40140368693137873,1.7066316272631337
2020-02-09,0.11873946207271327,0.08317768698346124,0.20793887926175753,0.23811707804893162,0.679232400759364,0.4136757922224311,1.7408812993486587
2020-02-16,0.11345745929679524,0.08084872063239913,0.20552946235897548,0.24049958795233908,0.6806685627068362,0.41674381854519427,1.7377476114925394
2020-02-23,0.11049953808134162,0.08733657407475616,0.20525567224478175,0.24937912809949428,0.6724980609859691,0.44798503954599017,1.772954013032333
2020-03-01,0.10944314430736754,0.08733657407475616,0.18410441823911988,0.24174569695678053,0.5749485392667616,0.4198256679533738,1.6174040407981596
2020-03-08,0.11092209220032649,0.08733657407475616,0.19568039107994223,0.2537052437328672,0.5351859128155529,0.4095863796153291,1.5924165935187742
2020-03-15,0.10141448889897642,0.07485991965617605,0.1850166710234488,0.23190219877974097,0.514537040628795,0.3481483291052133,1.4558786480923507
2020-03-22,0.08873767884616837,0.06654215232889085,0.1651772158531464,0.2256481431694191,0.4134717387470967,0.28451782247152185,1.2440947514162435
2020-03-29,0.08768127659568238,0.07189947006422277,0.16968243396397273,0.24736496668800456,0.45125370295812167,0.3050236211443429,1.332905471414347
2020-04-05,0.08926588420966733,0.07189947006422277,0.18485133526713285,0.24562511141597346,0.4161951658567437,0.29989705295690344,1.3077340197706435
2020-04-12,0.09085048334714034,0.07414633043178416,0.19457814041644894,0.25522565887676735,0.5141301971331482,0.307586780480974,1.436517590686263
2020-04-19,0.09275199383559607,0.07279822106655195,0.20944399375065578,0.25746708133430624,0.47620581565945425,0.31795214833275415,1.4266192539793183
2020-04-26,0.09877347903450549,0.0674057493291,0.21335678023877622,0.260335492670205,0.4538415008764246,0.29791962815123246,1.3916326303002438
2020-05-03,0.09898476457050984,0.06650701203738008,0.20430501929408448,0.25764734512130594,0.46654965196450465,0.2984332031821485,1.3924269961699336
2020-05-10,0.09454787003256153,0.0674057493291,0.20486992567753748,0.258783746020272,0.4637978824531565,0.2958650535619735,1.3852702270746011
2020-05-17,0.09042792922815548,0.06560826789035552,0.20726721427177375,0.2649829356192661,0.42977598081555163,0.27223683447576136,1.3302991623008638
2020-05-24,0.0970832456055422,0.061114547155232755,0.19890429701549253,0.26325877001743164,0.44763737999892744,0.2830752313046637,1.3510734710972905
2020-05-31,0.10796417098487289,0.06021580300820821,0.20635944662687672,0.2637054951087918,0.48686251462067576,0.2933687390734124,1.4184761694228376
2020-06-07,0.11261233410580171,0.06273228936199882,0.2043478431596186,0.2549827081605216,0.5565074652392632,0.32929351584004185,1.5204761558672457
2020-06-14,0.11092209220032653,0.058418321569463735,0.1972032740938225,0.26323525942931686,0.49967098811353294,0.371291642339469,1.5007415777459316
2020-06-21,0.11451385307076936,0.05662083327541463,0.19953393686340284,0.2648262063375612,0.48936418337424487,0.3532871733901707,1.4781461863115637
2020-06-28,0.11345745929679531,0.058867686787671396,0.19118247207273933,0.2679767447308369,0.4632476078919804,0.3296727025351219,1.4244046733151452
2020-07-05,0.11756845738113055,0.058598067656746806,0.19556630879368167,0.2697871317672122,0.4635977225058399,0.3093581814305369,1.414475869535148
2020-07-12,0.11910671542796185,0.06066517508172051,0.1975085462004118,0.2733060425695857,0.48635283625229375,0.33802536427657615,1.4749646798085498
2020-07-19,0.12196351185626424,0.06309178153656496,0.2071917902009995,0.2750694084297315,0.49590105198182194,0.3449269763205654,1.5081445203259474
2020-07-26,0.12086475247573678,0.06336140066748955,0.20548539740006452,0.2885650361027347,0.49650730609223664,0.34503025023850553,1.519814142976768
2020-08-02,0.12086475247573678,0.06282216240564037,0.20221144222367637,0.30003865752914977,0.48822202425623784,0.33821232524954675,1.5123713641399879
2020-08-09,0.12086475247573678,0.0629120354492819,0.20615133615723963,0.3085811806904202,0.5020645325881395,0.33315038123400037,1.5337242185948183
2020-08-16,0.12504008728551022,0.0629120354492819,0.20565190052143822,0.29554012294387544,0.5173719419746817,0.3254026915665679,1.5319187797413556
2020-08-23,0.12460057166618256,0.06246267023107425,0.21192246951263502,0.29452127498548314,0.4916574054440744,0.333745497498023,1.5189098893374722
2020-08-30,0.130314198428835,0.0684842464187123,0.21314326302571449,0.2994430240740029,0.5191905720707701,0.3425417704951084,1.573117074513143
2020-09-06,0.130314198428835,0.07189947006422284,0.20750946095330594,0.29215445475227225,0.5229796382216697,0.33902329622825905,1.563880518648565
2020-09-13,0.128995651570852,0.07675268297391175,0.20637824734833082,0.29611222189372743,0.5106022954147197,0.33374549749802307,1.5525865966995647
2020-09-20,0.12416105604685489,0.0750450745788088,0.20833342407512048,0.2968175873715299,0.4968607706633734,0.33184894023718037,1.5330668529728677
2020-09-27,0.12240301899907997,0.07351720541568427,0.20341763752950925,0.2829927875477402,0.4722072890219551,0.334233397520106,1.4887713360340746
2020-10-04,0.12196351185626422,0.0744159427074042,0.20422760455868583,0.2897876345190613,0.49453695819419613,0.3270801005255824,1.512011752361194
2020-10-11,0.1197659846186974,0.07450582260635036,0.21083315816920126,0.2927030670311896,0.5112589311194491,0.3317452421451391,1.5408122056900266
2020-10-18,0.12086475247573679,0.07531469370973339,0.20682521299680648,0.28841612773894787,0.517583870850854,0.3271542311876264,1.5361588889597049
2020-10-25,0.12086475247573679,0.076393183944041,0.20283109188430434,0.2883691065627184,0.5293111897108588,0.3219612672776359,1.5397305918552953
2020-11-01,0.1120745757133741,0.07185453354240208,0.19147734848628953,0.28557122699116383,0.49989080702066085,0.3167683782218986,1.4776368699757891
2020-11-08,0.11866721676165802,0.0693380540439161,0.1986554885135316,0.29659030240830064,0.5249771824833955,0.3167683782218986,1.5249966224327005
2020-11-15,0.11778820247602652,0.07171972397693979,0.20933890631936544,0.2872013502405394,0.5816762232039876,0.31936487265260277,1.5870892788694615
2020-11-22,0.1197659846186974,0.0721241595286313,0.20439522589290418,0.28455237903277153,0.5841747183138203,0.3225595773231266,1.5875720447099515
2020-11-29,0.12306230514283938,0.07234884213773513,0.20109943484591225,0.2713859235105548,0.6180820602282198,0.3277621724803567,1.6137407383456182
2020-12-06,0.12361168483310311,0.07495520153516726,0.2113138176596552,0.27831398917546607,0.6237926795047133,0.3349937919751012,1.646981164683206
2020-12-13,0.12504008728551025,0.07419126695360499,0.21508253901161445,0.2800930447058085,0.6096179523833543,0.3433698581463761,1.6473947484862688
2020-12-20,0.12745737657099687,0.07612356481311641,0.21727625142785836,0.2859317306479832,0.6071705441219998,0.3491851852685386,1.6631446528504932
2020-12-27,0.13053395200024287,0.07531469370973339,0.21440753167114984,0.2845915792910828,0.6349082344561497,0.34736101207049946,1.6871170031988583
2021-01-03,0.13053395200024287,0.07729192809106555,0.22131213963331617,0.2875461881443423,0.64791034429531,0.3491851852685386,1.7137797374328154
2021-01-10,0.1395438569044777,0.07441594270740419,0.22505269676725412,0.2821463824584295,0.6935449609913289,0.3476216795314128,1.7623255193603071
2021-01-17,0.1395438569044777,0.07621343785675792,0.22541831550329477,0.27784375349599116,0.7119949388526433,0.3497369359685651,1.7807512385817301
2021-01-24,0.13943398435702975,0.07607862829129565,0.22998848826353666,0.2816683019438562,0.6870873012420049,0.3497369359685651,1.7639936400662883
2021-01-31,0.135698156690072,0.07010198177017375,0.22939797357713587,0.28198962925954446,0.6607932221024305,0.33934771456144525,1.717328677960802
2021-02-07,0.13492904038142425,0.07145009799071057,0.23125413317093446,0.2748342786314039,0.7086054432638281,0.33882558119425155,1.759898574632553
2021-02-14,0.1380055903811345,0.07189947006422286,0.23424946902820637,0.27742056290992584,0.7253986468596083,0.3373637774357496,1.7843375166788475
2021-02-21,0.13712654218945536,0.07127035190342752,0.2291869631269345,0.27110379645317795,0.7601666633239538,0.3378583394863635,1.8067126564833125
2021-02-28,0.12932527768970792,0.07028173471276143,0.22283089386130836,0.2614640487340727,0.755801316364594,0.33367428615185235,1.773377557514297
2021-03-07,0.13383023861833723,0.07136021809176443,0.220881000997411,0.25742790499317497,0.7750082964138002,0.33472032443689786,1.7932279835513858
2021-03-14,0.13361049352344126,0.07279822106655204,0.22583345509388417,0.2599123020841397,0.8019186795356211,0.33838129625034197,1.8324544475539803
2021-03-21,0.13394011964229713,0.07010198177017374,0.22645604159923588,0.2641130199418406,0.7967317114756266,0.3306073576914688,1.8219502321206427
2021-03-28,0.13339073147552147,0.06965260969666147,0.2333753214969682,0.2630471747243989,0.796474910803293,0.3327030023142937,1.8286437505111368
2021-04-04,0.13196232902311433,0.06965260969666147,0.23040387361519082,0.26224776689413754,0.7893878117129249,0.34056222481893134,1.8242166157609603
2021-04-11,0.13185244799915444,0.07095578939537754,0.2281682343612992,0.26461461104452855,0.8025862907582724,0.37598061256294796,1.87415798612158
2021-04-18,0.1351487685232964,0.07113553548266059,0.22956907243042043,0.2698498426136382,0.791919145219752,0.37261279495628763,1.8702351592260553
2021-04-25,0.13712654218945539,0.06906842805768688,0.23421027013837747,0.2696930894147532,0.7758533672153763,0.3753418313179165,1.8612935283335657
2021-05-02,0.1313030683088907,0.06798993782337927,0.23026243812242253,0.26827456145841033,0.7945537103047812,0.3788579102486648,1.8712416262665488
2021-05-09,0.1325052411347866,0.06650701203738014,0.23842689103085832,0.2783610103516956,0.8329355813387482,0.4021593655684253,1.9508951014618943
2021-05-16,0.13480968261714293,0.07100072591719829,0.24086073658347734,0.27905068615930145,0.8472449238485911,0.39565183621589445,1.9686185913416057
2021-05-23,0.1346944613906763,0.07100072591719829,0.24190777702377286,0.28449753693862395,0.8402711943650273,0.4204926692518461,1.9928643648871447
2021-05-30,0.13250524113478662,0.06596776692022634,0.23948818561290983,0.2874756563799981,0.848433277114316,0.3942120396078209,1.968082166770058
2021-06-06,0.13146823314356315,0.0669563772555878,0.23631219079693425,0.28742079036867035,0.8597980953342124,0.3942120396078209,1.9761677265067887
2021-06-13,0.13135302039360847,0.06740574932910007,0.23487414450260866,0.28484237484242686,0.8280281583978645,0.38895577395107667,1.9354592214166852
2021-06-20,0.13043123362885162,0.06650701203738014,0.23063115344787924,0.2695363601330484,0.7641271062366172,0.3790348407517124,1.8402677062354889
2021-06-27,0.13043123362885162,0.06470952374333104,0.23380626352402167,0.27016332509422825,0.7957936352812222,0.3685059413082001,1.863409922579855
2021-07-04,0.1300855784259637,0.06560826789035559,0.24059787054861215,0.27074326887917854,0.8060218482596502,0.3685059413082001,1.8815627753119601
2021-07-11,0.1283572515524524,0.06479939678697257,0.24169428438681756,0.2744972855626994,0.8093156496741369,0.3685059413082001,1.887169809271279
2021-07-18,0.1283572515524524,0.06381077959630649,0.23934493148826233,0.2747951022902729,0.789260865963471,0.3691274561721697,1.864696387062935
2021-07-25,0.12743547326420748,0.06376584307448571,0.24459886068287423,0.2732355108052416,0.782662331694961,0.3664907151046844,1.8581887346264543
2021-08-01,0.1209830421995169,0.06237279033212812,0.24518256778778122,0.2765427784802221,0.7885852324747087,0.35858094102774746,1.8522473523021044
2021-08-08,0.1175263714994705,0.06196835478043662,0.2464783184256119,0.26724789258209997,0.8183039376761242,0.35077651183642133,1.8623013868001648
2021-08-15,0.10871190105395816,0.06192341825861586,0.25094910541126564,0.2692620539935897,0.8311891075592767,0.36912745617216963,1.8911630424488757
2021-08-22,0.11752637149947052,0.06920323762314921,0.2554910893773798,0.2706022053504901,0.8038603324048793,0.3697777400207696,1.8864609762761386
2021-08-29,0.11326315221415773,0.0688437454485831,0.24622198963506922,0.27415244765889646,0.8471394001943573,0.36449537518109093,1.9141161103321547
2021-09-05,0.11951998776639945,0.06875387240494156,0.2507072273713307,0.2778437534959913,0.8286432281853248,0.3724189723434444,1.9178870415674323
2021-09-12,0.11720040723376214,0.06920323762314921,0.23914874043026582,0.2724909689863079,0.8175766443198755,0.36026917890205196,1.8758891774954127
2021-09-19,0.11475873102349479,0.07122540852630214,0.2359690346222124,0.2658528752138718,0.819239281010645,0.3534799979463058,1.860525328342832
2021-09-26,0.11842125381540775,0.07095578939537756,0.23541046887423014,0.26563343508574094,0.8470876521701005,0.3598300589016103,1.8973386582424672
2021-10-03,0.11842125381540775,0.07279822106655207,0.2298388689273119,0.26680901232583815,0.8683374890610459,0.3648570210295144,1.9210618662256702
2021-10-10,0.12061875562343884,0.07500013805698806,0.2304976560375025,0.26646417442203524,0.8843918066852627,0.3598300589016104,1.9368025897268377
2021-10-17,0.11982520153093884,0.07729192809106558,0.2310276151975469,0.26872128654977073,0.8708520727814865,0.3598300589016104,1.927548163052419
2021-10-24,0.12122917467600569,0.07594381187052876,0.23449382925489531,0.27309442335937306,0.8978747676288663,0.35885997273210235,1.9614959795217715
2021-10-31,0.11976416216863572,0.07899954334147317,0.23329073053847846,0.269646068238524,0.8879963607156012,0.3579588273297527,1.9476556923324653
2021-11-07,0.11964207496751761,0.07652800036480796,0.23407841932713466,0.27494401065405977,0.8783788096861107,0.35779976204179226,1.941371077041423
2021-11-14,0.11781082628632901,0.07774130016457788,0.2363414609397468,0.2823893331746755,0.8721586442763909,0.36548587161029356,1.9519274364520136
2021-11-21,0.11353790139487303,0.07598875524765417,0.2333050092563409,0.28169965736706964,0.8411109757603757,0.3658476422158055,1.911489941242119
2021-11-28,0.11597957760514041,0.0754944397970165,0.22801981925429174,0.27213828624740694,0.8463903321158064,0.37168846968687713,1.9097109247065391
2021-12-05,0.12306043183370625,0.07890967029783166,0.22977293123363726,0.26934825151095065,0.8273643379163431,0.3961136869578787,1.9245693097503476
2021-12-12,0.12086293002567518,0.08088689782385922,0.23858147474059116,0.27082164547862136,0.8353614793481118,0.3965915565100384,1.943105983926897
2021-12-19,0.11964207496751766,0.0799881605321393,0.24253166606276777,0.27347061668638917,0.8193671964845743,0.4094995736330844,1.9444992883664727
2021-12-26,0.11890959414336845,0.08627936270600656,0.24256051841177034,0.274128937070782,0.8219806039446943,0.4015222810197992,1.9453812972964208
2022-01-02,0.1205577162611358,0.09293006390974456,0.246625996249425,0.27582177116658363,0.8276781760191607,0.4081699375342416,1.9717836611402912
2022-01-09,0.12196167245317881,0.09346931588220299,0.2507779819818745,0.2715426767094402,0.873726688752463,0.40843604440421777,2.019914380183377
2022-01-16,0.12208375965429694,0.09077308344112933,0.2419694384749207,0.27585312658979666,0.8302205291222944,0.41481779366002575,1.9757177309424636
2022-01-23,0.13429214070563378,0.0999402572880487,0.23768761717195946,0.2781885913997945,0.7628625855212197,0.4410167074110204,1.9539878994976765
2022-01-30,0.13294920692287007,0.10038962936156098,0.24766399268253747,0.27069624770294937,0.7709076842361154,0.46391996305539884,1.9865267239614322
2022-02-06,0.1289204649101623,0.09940101217089489,0.247433345923262,0.2737370779907497,0.8021939049729802,0.4793660882916859,2.0310518942597353
2022-02-13,0.12403710401311564,0.09733390474592121,0.24178202108693617,0.2780945490473356,0.809345182192239,0.45060423976681974,2.0011970008523674
2022-02-20,0.1268450248737136,0.10245673678653472,0.23551076396475798,0.28701326553562195,0.7999854897163277,0.42291275715927534,1.9747240380362312
2022-02-27,0.12452542738805245,0.10236685688758858,0.24085294595772452,0.2858847094717542,0.7780588732986039,0.4266457387642573,1.958334551767981
2022-03-06,0.11854334101652601,0.1011985073202487,0.24590213160928648,0.29699782724135,0.7067046510576765,0.42659244253600903,1.895938900781097
2022-03-13,0.11750561252178973,0.10191749852468557,0.24571358372040406,0.300791020266002,0.6777319725262312,0.5359738686997791,1.9796335562588916
2022-03-20,0.11878750694225036,0.09904151999632882,0.2536791421991311,0.2921544547522727,0.7366768069741485,0.5442881801121987,2.04462761097633
2022-03-27,0.11927583031718715,0.10630429707356297,0.2566969897699349,0.296527591561875,0.746246621112438,0.4647013416526961,1.989752671487694
2022-04-03,0.11475873102349493,0.10361432352561245,0.2585396816573848,0.2921387889992562,0.7114898005579401,0.4620306417056949,1.9425719674693835
2022-04-10,0.1142093598097431,0.09923063728503508,0.26424182988190253,0.2947093836075816,0.701919854184495,0.5020909412993716,1.9764020060681289
2022-04-17,0.11311060042921565,0.0961421306026757,0.26102078706275683,0.2976248161197099,0.6680824205890659,0.4977233453361174,1.9337041001395414
2022-04-24,0.11762769972290792,0.09678972380943701,0.26340027026785134,0.2926717116079771,0.6717374443704895,0.4977233453361174,1.9399501951147804
2022-05-01,0.1149418660634281,0.09315325891774469,0.26183327314284716,0.2890039163589971,0.6322733167440394,0.4977233453361174,1.8889289765631738
2022-05-08,0.11962351988293488,0.08817179696912018,0.2558990281687718,0.2863235897280162,0.6553690682515291,0.4816676569649482,1.8870546599653202
2022-05-15,0.1165385018478211,0.08817179696912018,0.2565954658740834,0.27464619392648654,0.6308430172218024,0.4757806194682605,1.842575595307574
2022-05-22,0.11647553831731317,0.08807216882699644,0.25678408749128523,0.279560098179908,0.6215729361030577,0.4344106199584985,1.796875448877059
2022-05-29,0.11937169119043897,0.08717550183727343,0.26274735684710854,0.2809943158064475,0.6953629739900248,0.4413825950004562,1.8870344346717494
2022-06-05,0.12755645004226496,0.08966623281158569,0.2576164064893016,0.27900366498307244,0.6894830496358737,0.4606361069693642,1.9039619109314625
2022-06-12,0.12012719422095054,0.0881717969691202,0.2519652782618276,0.28242066468070853,0.6332798466707023,0.4503925519388895,1.8263573327421985
2022-06-19,0.12088271420448594,0.08657773298453093,0.2474531296889751,0.2794425452393343,0.5987420516123985,0.42185406850544627,1.7549522422351709
2022-06-26,0.11332754827517953,0.07860739935097542,0.26618803632982874,0.27727947546405785,0.6214670598217422,0.39245471125785236,1.7493242304996364
2022-07-03,0.1171922613058116,0.07870702749309919,0.26214317784550734,0.27361168021507776,0.6041451800735472,0.37702957016386723,1.7128288970969103
2022-07-10,0.11712715321778909,0.08568106599480795,0.260332484048689,0.26437948124620153,0.6057873203151861,0.3665490764707303,1.6998565812934037
2022-07-17,0.11393691624026892,0.08154645353719225,0.26025946843634934,0.2584389081164696,0.603610773731053,0.34935026384816986,1.6671427839095028
2022-07-24,0.11107221970286132,0.07781036735868081,0.2513373833174772,0.2624593861043509,0.6132835108988479,0.32385989550614974,1.639822762888368
2022-07-31,0.11211392368168592,0.07870702749309919,0.254841936100928,0.26718520565285453,0.6164899930321996,0.33140400655641056,1.6607420925171779
2022-08-07,0.11139775166646201,0.07771073921655705,0.2498625465917573,0.26890937125468894,0.6186276184021774,0.31577695859024096,1.6422849857218837
2022-08-14,0.11354627618864568,0.07771073921655705,0.24137848141860355,0.2720442438949482,0.6526691789995936,0.30203571382387717,1.6593846335422253
2022-08-21,0.11068157965123811,0.07646537030174862,0.24723405827584985,0.2651318439830533,0.6339650451690593,0.3007877437152294,1.6342656410961784
2022-08-28,0.10469174574782095,0.07850777120885169,0.2398744728544968,0.262968798124957,0.6128025716376342,0.3011661070135246,1.600011466587285
2022-09-04,0.10664495448244897,0.08259256616775319,0.2392369932286208,0.2596458168625997,0.6076722443026565,0.27565457986927855,1.5714471549133577
2022-09-11,0.1015666253348352,0.08214423610054401,0.2436030614245811,0.25994363359017314,0.6368507248147277,0.2753302363903456,1.5994385176552066
2022-09-18,0.09785554060615864,0.07920517505902255,0.24638146398999103,0.25392468386099865,0.6256817468603958,0.2535688574264724,1.5566174678030391
2022-09-25,0.10000406512834233,0.07870702749309919,0.2450878514734238,0.2497239660032978,0.5832499097133694,0.26110807799886027,1.517880897810393
2022-10-02,0.10039469670345363,0.0806498002580785,0.2401484227133828,0.2533760715820812,0.5584535700254297,0.265609937540862,1.498632498823288
2022-10-09,0.10677517065849403,0.0806996177567927,0.23550299791511192,0.25765518995640485,0.5663628191570554,0.28904138974693994,1.5360371851907988
2022-10-16,0.10592877399071314,0.07751148293230957,0.2417654813672782,0.24937912809949486,0.5995216219335269,0.2712508542531668,1.5453573425764895
2022-10-23,0.1015666253348352,0.0814966428937827,0.24801321915555904,0.24886187124379044,0.6590478062042054,0.30475813805981045,1.6437443028919834
2022-10-30,0.1028687616657499,0.0798029507670697,0.25706877710870135,0.24857972026923342,0.6798065658053348,0.3058465937549787,1.673973369371068
2022-11-06,0.10417089799666461,0.08129738660953521,0.2520852833897492,0.25337607158208125,0.7046090323888212,0.3144995208572668,1.7100381928241182
2022-11-13,0.10045980479147612,0.08154645353719227,0.24880700281862128,0.2666052379507241,0.7295195350944995,0.33273059858229176,1.759668632774805
2022-11-20,0.09772531595360166,0.07930480320114633,0.2590239292593845,0.26603313900087217,0.7216472236496941,0.33512343954157103,1.7588578506062698
2022-11-27,0.09896234419649386,0.07935282461004863,0.2605527596910318,0.2650534913007912,0.7372838104171129,0.33299438497042,1.7741996151858983
2022-12-04,0.10097975403236946,0.08083221991416559,0.26466102453006085,0.27119783880563764,0.7287646927474839,0.33299438497042,1.7794299150001376
2022-12-11,0.09813692689570373,0.07721259165063372,0.2600151819379799,0.27312577878258665,0.712589071407122,0.3340861841555627,1.7551657348295888
2022-12-18,0.09245167101843225,0.07671444408471034,0.25991166737750376,0.2709783986775068,0.6971143404702576,0.33285675295028044,1.730027274578691
2022-12-25,0.0908926285643843,0.08009057878324576,0.26258962739574704,0.27224801827006295,0.7078442095509561,0.33504653927216027,1.7487116018365563
2023-01-01,0.0907559024271882,0.08000220705131723,0.26136158393125725,0.2755944862033548,0.7230493570837713,0.3339516211598027,1.7647151578566915
2023-01-08,0.08984739835660287,0.08069961775679274,0.26668798806386634,0.2818877420719881,0.7437540765846121,0.329582103937384,1.792458926771246
2023-01-15,0.09088911081193939,0.08144683225037318,0.25659745653870825,0.28945846236827577,0.7767865947874075,0.3322138796727432,1.8273923364294473
2023-01-22,0.09122141550856054,0.08183219634459629,0.24965841745136927,0.29166855331978175,0.733713108586629,0.3397189916571088,1.7878126828680458
2023-01-29,0.09215857018942006,0.08169590603333486,0.2489038081020295,0.2924522714798466,0.7621752271819878,0.3349418930262456,1.8123276760128644
2023-02-05,0.09114953468751759,0.08069961775679274,0.24354788806554298,0.28273417107847904,0.7663578251561959,0.3349418930262456,1.7994309297707738
2023-02-12,0.0931027349456337,0.07980295076706974,0.23990819127258178,0.28144886181572626,0.7660860378328852,0.3349418930262456,1.795290669660142
2023-02-19,0.09479551980468355,0.07890628377734674,0.23730420533483068,0.2779064643424182,0.7726041731267408,0.315730124779182,1.777246771165202
2023-02-26,0.09590233187153069,0.0777605498599667,0.23242442278520647,0.2745678173270445,0.7654885112427455,0.3074594783477711,1.753603111434265
2023-03-05,0.09537796636792943,0.0805501652606502,0.22951851937940004,0.2794111898161218,0.7803171852873353,0.3171986155176328,1.7823736416290696
2023-03-12,0.10195726538645848,0.0836843968248623,0.22592716378787678,0.280837562607563,0.72594574777705,0.30416404480391446,1.722516181187725
2023-03-19,0.12370293448387337,0.08269219430987702,0.2270745730470195,0.29657463665528533,0.6833613553387524,0.3369744854164939,1.7503801792513016
2023-03-26,0.12370293448387337,0.08433607579318046,0.22747695763834794,0.3006499567373142,0.6784728861035164,0.3369744854164939,1.7516132961727262
2023-04-02,0.1259247723576137,0.07621630337409163,0.2309789053545122,0.29953709034364306,0.7078040100636293,0.3369744854164939,1.7774355669099835
2023-04-09,0.1302136246149588,0.08605574952442448,0.24610427008505043,0.30425506505704836,0.6923779857424409,0.33145021658202684,1.7904569116059497
2023-04-16,0.12747912730057243,0.0838764207627298,0.24713250980389193,0.3024681886087878,0.7594526816400459,0.32663708810397707,1.8470460162200049
2023-04-23,0.13997964285856312,0.08493814292192323,0.2424383997386925,0.29930196054531555,0.7693612381688063,0.33293038458397023,1.868949768817271
2023-04-30,0.13086468006564828,0.08504990495323428,0.24394348965148416,0.3012299005222645,0.7567701592718897,0.3486733318854459,1.8665314663499668
2023-05-07,0.14016388832155724,0.08169708514573051,0.24242353119427468,0.3047566322425561,0.7485587087311464,0.354826376446439,1.872426222081704
2023-05-14,0.1452659177964866,0.08149122720312858,0.23959216711940942,0.30445883943216284,0.7341066404099379,0.354826376446439,1.8597411684075644
2023-05-21,0.137823048697036,0.07995138182282314,0.2368055069822236,0.3000386575291508,0.761916134433623,0.36426385097607455,1.880798580440931
2023-05-28,0.1381512761914258,0.07994579474955328,0.23001028726998116,0.29394133120053384,0.74965361582019,0.37816705539485423,1.8698693606265382
2023-06-04,0.1393678336580422,0.08050023807706204,0.2356794543596084,0.29707620384079303,0.7689780206876414,0.3976315565519965,1.9192333071751437
2023-06-11,0.1441321165157007,0.08225588844698116,0.24024377800650906,0.2970997144289077,0.7719341816712879,0.4124692913700343,1.9481349704394209
2023-06-18,0.13810890210836052,0.07962951156004229,0.24657984232146396,0.2966216578315147,0.7842512693256325,0.39153814587935254,1.9367293290263665
2023-06-25,0.14030560712427156,0.08129720837161505,0.24845662126859583,0.29091619058293006,0.7601096258934722,0.40670676144776574,1.9277920146886505
2023-07-02,0.13350290963421102,0.08144025801323732,0.2485166852728227,0.2901481381758817,0.7961853158123529,0.39042281750730057,1.940216124415806
2023-07-09,0.14455728140035556,0.08119415943248313,0.23910275853505014,0.2922955182809617,0.7901635912929258,0.4014647180991215,1.9487780270408979
2023-07-16,0.13477842124119932,0.08059412147390957,0.24003357856782148,0.2964492388796133,0.8255199219648988,0.39031118486442457,1.9676864669918668
2023-07-23,0.14122212149861701,0.0815853231144195,0.2555283713309041,0.2968567637126622,0.8540716078390392,0.374761286681843,2.0040254741774852
2023-07-30,0.14455728140035556,0.08175296273373377,0.2619694985010431,0.29699782724135054,0.8648750437446819,0.374761286681843,2.024913900303008
2023-08-06,0.1332194720287824,0.08057947854322932,0.2538016786660201,0.2937218910724029,0.8599694720959778,0.37755804119116204,1.9988500335975745
2023-08-13,0.13398858833743016,0.08074711816254358,0.2610236378911086,0.2899130322947344,0.8513155627243241,0.374761286681843,1.9917492260919838
2023-08-20,0.12113134725198992,0.07932194831801508,0.2589816092040334,0.2862922343048036,0.8211104084635413,0.3793070607190307,1.9461446082614142
2023-08-27,0.1267403229985343,0.07935010990941702,0.24961273046943103,0.2888001419838831,0.810527452640805,0.3627545147668174,1.9177852727688878
2023-09-03,0.13056216183189803,0.07711489670441452,0.2426989064673363,0.29298519408856755,0.809259758281671,0.33155703360128336,1.8841779509751708
2023-09-10,0.12755055038997198,0.07823250330691577,0.24281984548730376,0.2906967504547992,0.7927791145155367,0.2906524528862391,1.8227312170407666
2023-09-17,0.12376939033729044,0.07119157759797509,0.24416580511066455,0.29158233188524113,0.8202285762886862,0.26933049333982023,1.8202681745596774
2023-09-24,0.1163544428680893,0.07423850685778026,0.2427291105021951,0.29171557449601143,0.8032516980616644,0.28393161386362603,1.8122209466493666
2023-10-01,0.1250567944904961,0.07622080730923075,0.23554556373152832,0.28058676705621904,0.7993382427076537,0.2985787947045417,1.8153269699996697
2023-10-08,0.12747968675035887,0.07499144553072308,0.2384038386429846,0.2772324542878289,0.7997792028734665,0.2929453634175528,1.8108319915029145
2023-10-15,0.1208187165395245,0.07487967664410741,0.23720914495498244,0.2906497053613897,0.8217832209356492,0.2901285729198051,1.8354690373554583
2023-10-22,0.1208187165395245,0.07487967664410741,0.23138662296094611,0.3015590726730511,0.7937424917030622,0.28902567035377735,1.8114122508744686
2023-10-29,0.11337827172248172,0.07376207004160618,0.2201954013550558,0.29959977727288906,0.7534307808070784,0.28678206382387716,1.7471483650229882
2023-11-05,0.127550550389972,0.07398559410422828,0.228876173684442,0.30110452666377274,0.7940201855299935,0.28778131820069897,1.8133183485731075
2023-11-12,0.13463668548546118,0.07342679765828228,0.22269078547829033,0.2932673450631247,0.8130655742189569,0.2799759159040819,1.8170631038081972
2023-11-19,0.1417228375339742,0.07677961061048144,0.22653208007267267,0.2998035516480036,0.8485467348778931,0.2794158563819548,1.8728006711249798
2023-11-26,0.1473917591727846,0.07823250330691585,0.23063046531689843,0.30255438612614854,0.8525443799476878,0.27589481211908035,1.8872483059895158
2023-12-03,0.15929647766126262,0.07979715117935668,0.24144115049011727,0.3111831307219598,0.8708680291569413,0.28395923508304144,1.946545174292679
2023-12-10,0.16156402936376296,0.07733841391173206,0.23540432484761184,0.3033773045445247,0.8801963378225711,0.28225542752408017,1.940135838014283
2023-12-17,0.16411505257773956,0.07834425848292229,0.23653241728706456,0.30789150488281547,0.9174542981900153,0.34029674173439933,2.0446342731549563
2023-12-24,0.16411505257773956,0.08382053631942216,0.23698977862857945,0.3121862890101555,0.929503477418949,0.33054220953980484,2.0571573434946506
2023-12-31,0.1629812682499775,0.0866145528256753,0.23894102317833296,0.312421418808483,0.9444954178024201,0.3363592084069546,2.0818128892718435
2024-01-07,0.1629812682499775,0.08952033136323949,0.2456333427327612,0.31039941256189496,0.9565445970313539,0.34787910330802374,2.1129580552472507
2024-01-14,0.1629812682499775,0.093655478534616,0.2475541374865912,0.31061885269002587,0.9444532788661432,0.3450276802424818,2.1042906960698353
2024-01-21,0.1629812682499775,0.0916437893922356,0.2464717566051835,0.30626138163343997,0.9514926851436953,0.35478610485824047,2.1136369858827724
2024-01-28,0.14719234075346188,0.0894085761872331,0.24314850175920483,0.3052895787684573,0.9624987934646128,0.3389923564702883,2.0865301474032583
2024-02-04,0.14285662186173628,0.08817920069811616,0.23874289060792497,0.30759371207242225,0.9761865425859819,0.35879163079897025,2.112350598625152
2024-02-11,0.14285662186173628,0.08717335612692596,0.23897152212646944,0.30583034621227645,0.9777506200073833,0.36016508158732813,2.11274754792212
2024-02-18,0.14058905320621212,0.08773216628348122,0.23865134461130258,0.30394158257645865,1.0002097033186517,0.3461966541626302,2.1173205041587364
2024-02-25,0.14058905320621212,0.08940857618723311,0.24858891444975528,0.30806392383471703,1.0279205499161983,0.34447428274888575,2.1590453003430015
2024-03-03,0.14058905320621212,0.09074969999705183,0.249018996313082,0.3138634573529408,1.0351832572933117,0.34677076133293316,2.1761752254955313
2024-03-10,0.1315187870606274,0.09164378939223562,0.24502535443465617,0.32916162722722103,1.051552735371903,0.3329917900229778,2.181894083509621
2024-03-17,0.1315187870606274,0.09197906863086414,0.2429670809412005,0.32702991287515754,1.0631732963828875,0.2928031652879706,2.149471311178708
2024-03-24,0.14087249081164074,0.0894085761872331,0.2384358367336163,0.3274374377082064,1.0984821105555855,0.370944767730337,2.265581219726619
2024-03-31,0.14087249081164074,0.08829096958473184,0.2429824655838544,0.335729189235313,1.1190415917771026,0.3795874647513602,2.3065041717440025
2024-04-07,0.13775459238680693,0.09915287756466737,0.23407355325805326,0.3514192181896257,1.1031191566814855,0.39053489927569585,2.3160542973563345
2024-04-14,0.14314007642018872,0.10039228921975617,0.22659317627337164,0.3619994133505006,1.0271730686595157,0.403326118812398,2.262624142735731
2024-04-21,0.13917182279650953,0.10138381305958352,0.22719221886871954,0.3613097375428948,1.0440876200498264,0.36875530577688753,2.2419005180944214
2024-04-28,0.14370695163104594,0.10039228921975618,0.2244734625137264,0.35259479542972294,1.0873010110453158,0.39623876841490635,2.3047072782544737
2024-05-05,0.127550550389972,0.10150775696721424,0.22928116334305707,0.34690501785133493,1.070555015400114,0.3601064707071055,2.2359059746587975
2024-05-12,0.14597452028657007,0.10349081835747818,0.23026423217819597,0.35746952334201326,1.1169714944932931,0.4026866638790882,2.356857252536639
2024-05-19,0.14597452028657007,0.12617203245075037,0.23752959280732072,0.36413112770256423,1.1508002446468324,0.4058895027117887,2.4304970206058267
2024-05-26,0.1482420719890704,0.11898345033547898,0.22574834803715912,0.35267317202916554,1.1278730488844517,0.39539446234212133,2.368914553617447
2024-06-02,0.1482420719890704,0.11526521537021257,0.22710863553059527,0.35196783046854324,1.1386624678635924,0.36671610126094384,2.3479623224829576
2024-06-09,0.15050965759761842,0.11625675292064916,0.22774351008918486,0.34891133442772654,1.1236024704533305,0.38136038773740405,2.3483841132259133
2024-06-16,0.14880896415295145,0.11154698726025077,0.22535889047783686,0.3518737881160843,1.0889305007903949,0.37818741575171366,2.304706546549232
2024-06-23,0.15447788579176186,0.11204274918016444,0.23032938343646325,0.3519364750453302,1.1030914754555634,0.3667161012609439,2.318594070170227
2024-06-30,0.15844613093892912,0.11154698726025077,0.2263189560773144,0.35199918589175627,1.1365832022756557,0.37721116658202897,2.362105629025935
2024-07-07,0.17312624591178555,0.11526521537021256,0.22681445953607973,0.360776814934174,1.150800244646833,0.37220763383536326,2.398990614234448
2024-07-14,0.17312624591178555,0.11179486822020762,0.23207910391311515,0.36433490207767877,1.1580246038287987,0.36708221341313896,2.406441937364725
2024-07-21,0.17312624591178555,0.10931604491003001,0.23952708958946167,0.3635354942474173,1.1853733024133188,0.36429122268131314,2.4351693997533266
2024-07-28,0.17312624591178555,0.10968786977761757,0.24874022953732686,0.36040062160715813,1.1992737738217945,0.3612300330470052,2.4524587737026877
2024-08-04,0.17312624591178555,0.10658934063989556,0.25415972796126635,0.36662334571144717,1.1252514428446803,0.34225008842197135,2.3680001914910465
2024-08-11,0.17312624591178555,0.10720904646743998,0.24870923906706083,0.3671876237433811,1.162884157643326,0.34102559759739753,2.400141910430391
2024-08-18,0.16538356258588569,0.1177440386803902,0.24680468911961131,0.37573017082183163,1.209049213627169,0.35030959595664174,2.4650212707915298
2024-08-25,0.16538356258588569,0.11315822378292718,0.254144269590293,0.38040112435900747,1.2335724877186265,0.3393700959831408,2.4860297640198805
2024-09-01,0.16538356258588569,0.11762009477275948,0.2568230651961565,0.37855153706432076,1.2702446463464014,0.3901342793127955,2.5787571852783193
2024-09-08,0.1579505940523523,0.1165046270253014,0.2564633201495635,0.379883867503303,1.2005167842852016,0.3838655599792558,2.4951847529949776
2024-09-15,0.1579505940523523,0.122081979473201,0.258241942127431,0.3898057422797851,1.1545213419277127,0.37304897068944,2.4556505705499223
2024-09-22,0.1579505940523523,0.12468474669100933,0.2561200656704159,0.3954328329289272,1.192775561958062,0.3884812977917283,2.5154450990924953
2024-09-29,0.15036277659914762,0.12394109695583422,0.25181393859815004,0.4008404834499384,1.1894417373697888,0.3884812977917283,2.5048813307645874
2024-10-06,0.15036277659914762,0.12344533503592055,0.2500821341031191,0.40151449350452784,1.1935101723262584,0.3824383388857127,2.5013532504546863
2024-10-13,0.14865938762369155,0.12542838271557522,0.25190759813992936,0.4017966205619047,1.263758864587303,0.382068284409518,2.573619138037922
2024-10-20,0.14865938762369155,0.12641992026601181,0.2576178319034777,0.41052725234527315,1.281269267589115,0.3860700426861721,2.6105637024137414
2024-10-27,0.14664628385586903,0.1288987435761894,0.2510026321711706,0.41385020969045033,1.2638725868211897,0.3762946012035289,2.580565057318398
2024-11-03,0.15098218923085677,0.12765933192110063,0.24983251458964426,0.414665259356548,1.2674543082479806,0.3792643438918957,2.589857947238026
2024-11-10,0.14896910241605804,0.12741144410583916,0.242562066706479,0.4059189857373433,1.3472742692340274,0.3730773404513868,2.6452132086511337
2024-11-17,0.14896910241605804,0.13137756688636704,0.2402685998740498,0.38743889812939414,1.3946318218518066,0.3692673837227408,2.6719533728804166
2024-11-24,0.14571717338481727,0.1375746114512018,0.24209399018254074,0.4083955140760296,1.4130518264111667,0.374979012752862,2.7218121282586183
2024-12-01,0.14881423654336293,0.13881402310629062,0.24184432151685295,0.40211012695967485,1.4197034310554901,0.374979012752862,2.7262651519345336
2024-12-08,0.14881423654336293,0.13683097542663594,0.234820470286066,0.399022275495645,1.4062864113761862,0.3638040961531796,2.689578465281076
2024-12-15,0.14881423654336293,0.1353436759562857,0.2305898901651068,0.40196906343098643,1.3641024269892925,0.36243830545006145,2.643257598535096
2024-12-22,0.14711084756790685,0.13683097542663597,0.22720858655563228,0.3962008853359757,1.3507991295438748,0.34642426099506574,2.6045746854250917
2024-12-29,0.15423411826209757,0.14253225807155706,0.22812075332358844,0.3956679388100747,1.371095110178504,0.37446224394047795,2.6661124225862998
2025-01-05,0.15253072928664152,0.14525896919699613,0.2267682318797986,0.3991319836011204,1.3830908664045425,0.3858019896056139,2.6925827699747127
2025-01-12,0.1486593876236916,0.14600260522156203,0.2234183611105067,0.40657733003891633,1.3637043991706914,0.4047431846789296,2.693105267844298
2025-01-19,0.15454381610144025,0.1512081396571787,0.23123471804681914,0.41021374594750326,1.4809810258847864,0.38754422234786284,2.815725667985591
2025-01-26,0.16104767416392188,0.1487293163470011,0.2309044643279972,0.4194929900097892,1.5134396435119242,0.3850439156324666,2.8586580039931
2025-02-02,0.17777184912611604,0.1487293163470011,0.23928695645308648,0.4241168984535553,1.5274972984421198,0.3875442223478628,2.9049465411697417
2025-02-09,0.17343594375112834,0.14972084018682844,0.2408124445342531,0.4329885937656123,1.5760709737083174,0.40242093128037815,2.9754497272265175
2025-02-16,0.1737456585434948,0.1524475513122675,0.24557775157991302,0.4371423382814441,1.5805854819232859,0.39617020191901414,2.9856689835594192
2025-02-23,0.17529419859927955,0.1561657862775339,0.25524989946842697,0.44370985245517564,1.5100108740818714,0.43519184884729045,2.975622459729578
2025-03-02,0.18582423029135858,0.14996872800208988,0.26160508399422006,0.4301829171933197,1.5123539047270078,0.4461029541074269,2.9860378183154235
2025-03-09,0.19542515151238588,0.15641366038218613,0.2642525204882204,0.44038689510999857,1.384519446869756,0.46403743433002276,2.9050351086925694
2025-03-16,0.19480573888067676,0.15666154819744757,0.25810156340724133,0.4511395331399552,1.3282883863651207,0.4693048283190698,2.8583015983095117
2025-03-23,0.19511545367304323,0.1549263746224451,0.25940151655927934,0.45529322982142667,1.3808050495034312,0.4665636156655939,2.9121052398452196
2025-03-30,0.19511545367304323,0.13757461145120184,0.259528353844801,0.465606939760761,1.387776839538045,0.4690789181830394,2.9146811164508915
2025-04-06,0.2136978665303648,0.1580866152124067,0.24293033966201913,0.45693901882381865,1.2016540947808345,0.4734803981715564,2.7467883331810006
2025-04-13,0.20874254852366794,0.15443630260537067,0.24053652858684918,0.4892909274317871,1.3580889892062886,0.45587422870331096,2.9069695250572742
2025-04-20,0.223248267740376,0.1558402689926922,0.24963612692279613,0.4977707636638116,1.3337102040616058,0.45034619220476824,2.91055182358605
2025-04-27,0.21317952782673544,0.15555947571522794,0.2450546245774689,0.494588869847323,1.4003496699834777,0.4541306236330874,2.96286279158332
2025-05-04,0.21942909053175375,0.15864820176733535,0.2474959658425631,0.4893849697842461,1.451867340598999,0.4541306236330874,3.0209561921579846
2025-05-11,0.20831875683394344,0.15584026899269227,0.2444839182328876,0.5044323680243626,1.4551447448541817,0.47923394558344595,3.0474540025215138
2025-05-18,0.21109634025839602,0.16847596647858623,0.23990241588756037,0.48043492178992697,1.5384008804389988,0.4491710802358608,3.0874816050893292
2025-05-25,0.21630430917924462,0.17381103875040815,0.2424547428494993,0.5071440022441964,1.4990152564166384,0.43651841592175383,3.0752477653617407
2025-06-01,0.2083187568339435,0.17240707236308658,0.2460533729685395,0.4967989607988292,1.5179319362207384,0.44221217973678806,3.0837222789219254
2025-06-08,0.21734590296341436,0.1726878656405509,0.24787495398052667,0.5030687060793476,1.5278790172581873,0.4428447480788073,3.111701194000834
2025-06-15,0.21179073611450921,0.17353024547294385,0.25118464281573066,0.5169248374091704,1.5233941297180917,0.4415794616862624,3.1184040532167083
2025-06-22,0.21179073611450921,0.17409183202787248,0.23949678725017715,0.5084136218367526,1.5811789533019853,0.4474658005432541,3.162437731074551
2025-06-29,0.21144353818645267,0.1726878656405509,0.2436858829034051,0.4939932363921763,1.650808344250588,0.45673245766718334,3.2293513250403563
2025-07-06,0.20901315269005669,0.17381103875040818,0.24944185280110492,0.503084347915184,1.7019235792089853,0.4455616580514246,3.2828356294171632
2025-07-13,0.20658276719366064,0.17353024547294388,0.25086485851826734,0.5079434100744579,1.6573169586132348,0.4445461353502497,3.2407843752228143
2025-07-20,0.2107491423303395,0.17296865891801524,0.261737254294847,0.5062349102256398,1.682795499469336,0.45084342405707795,3.2853288892952555
2025-07-27,0.2083187568339435,0.17324945219547958,0.2690921456798631,0.5027395100113811,1.7252597342295044,0.4475321713143872,3.3261917702645594
2025-08-03,0.2083187568339435,0.18363880346165906,0.26754122132849406,0.5059998043444923,1.671818394725898,0.4589942537806008,3.2963112344750876
2025-08-10,0.2083187568339435,0.19430894800530288,0.27713452906743363,0.5122538599548142,1.6682942396702138,0.4703290341136106,3.3306393676453188
2025-08-17,0.21769310089147095,0.20076719338698198,0.2824268215642543,0.5048398689402315,1.6782891016772494,0.4782251597650551,3.3622412462252433
2025-08-24,0.21769310089147095,0.2035751261616251,0.28666386520121656,0.510059458673505,1.7115093938011128,0.47919497146896817,3.4086959161978987
2025-08-31,0.21873469467564066,0.20329433288416077,0.2832742302916468,0.520232105084151,1.7414366779214234,0.4863490419574412,3.453321082814464
