,CENCOSUD.SN,NVDA,MINEROS.CL,PROMIGAS.CL,GRUPOAVAL.CL,PFCIBEST.CL,CSPX.L,index
2016-01-17,0.0758283393445596,0.08676557830754617,0.08749568015962225,0.13398245826175098,0.14300008632690778,0.2229278575992478,0.25,1.0
2016-01-24,0.07765337270696233,0.09105424878744676,0.08381163329916962,0.12632234336904924,0.13946040366537343,0.22372695862404499,0.2526393357729119,0.9946682962249582
2016-01-31,0.08044101260086546,0.09374265169619114,0.08864691274602275,0.1290101375712261,0.15078711051093738,0.23211673552311268,0.25493535751240864,1.0296799181607643
2016-02-07,0.08089172275674428,0.08458922160572911,0.09187042970580059,0.1290101375712261,0.1486661492845982,0.24430182301531675,0.2510443050601886,1.0303737889996036
2016-02-14,0.08058567346185597,0.08234886108319707,0.09859281342953434,0.1271287156240134,0.1500888715757463,0.24090591709991804,0.24747510951429527,1.0271259617885604
2016-02-21,0.08434705846962268,0.09742323113507342,0.10646176537473474,0.12497849385999638,0.15506804130915694,0.24789741304025167,0.2557364526946527,1.0719124558834885
2016-02-28,0.08397983984015943,0.10139185904958796,0.10923900198856693,0.12699823186025103,0.15435671002071688,0.24370258839338196,0.2606789480306198,1.0803471791832842
2016-03-06,0.08825309308160137,0.10417628333061223,0.10669318840193287,0.12699823186025103,0.16504384719935497,0.25668666753438746,0.26722363373107516,1.115074945139215
2016-03-13,0.09101847832433506,0.10349581260231173,0.11390012110143882,0.12699823186025103,0.167187260990445,0.2636780905573906,0.2692549884655389,1.1355329839017112
2016-03-20,0.09534741322081468,0.10860314387796563,0.10832136432437672,0.12699823186025103,0.16361485491007163,0.26168064789405227,0.2736038002383813,1.1381694563259133
2016-03-27,0.09380057425480824,0.11075531145252566,0.11622454565554344,0.12740397435992856,0.16218589247792228,0.25428961967065267,0.2707141385921731,1.135374056463554
2016-04-03,0.09454059487588953,0.11611958866288032,0.11599216891798944,0.1292974710864473,0.16432939584041426,0.2584844443175224,0.2755922407186682,1.1543559044198115
2016-04-10,0.09578696790916245,0.11454563742318867,0.11250539584249603,0.1292974710864473,0.16576907698366142,0.2597509818894007,0.2744692886300974,1.152124819764454
2016-04-17,0.10224139084399982,0.11926750678347108,0.11495566207734119,0.13254341108386736,0.1700747444173811,0.2801037400920119,0.27823873614334516,1.1974251914414176
2016-04-24,0.10453383379324233,0.11650505839885554,0.11542681102189456,0.13451596498030213,0.17150999177623266,0.28715677825927577,0.27881094075117474,1.2084593789809777
2016-05-01,0.09880272642013602,0.11412806410900782,0.11636905281039212,0.13698162675596562,0.17150999177623266,0.28393261088650446,0.2748626765694544,1.1965867493276932
2016-05-08,0.09900306330777493,0.11348564843833187,0.10977328014718184,0.13698162675596562,0.16788694799663392,0.262169157549644,0.2738040740339423,1.1631037982294745
2016-05-15,0.09826859227851284,0.131634415115376,0.11025477564694067,0.13698162675596562,0.1736513006393773,0.2722447649002177,0.27643627198329584,1.1994717473196859
2016-05-22,0.1001556110919345,0.1423951122173095,0.1097815910517117,0.13698162675596562,0.16860757978230792,0.27103579556075813,0.2755922407186682,1.2045495571786555
2016-05-29,0.10618761215535877,0.147438212874741,0.11025477564694067,0.13739378738158056,0.1664459232823578,0.26277366044870637,0.2808995290433455,1.2113935008330308
2016-06-05,0.10723515670931683,0.14968893569718106,0.11120113682302583,0.13739378738158056,0.16498420757423546,0.25632516163917013,0.28025579340248546,1.2070841792269953
2016-06-12,0.10404646030966556,0.148787204448882,0.11360465522168708,0.1346458912373623,0.168602280141027,0.26096002414619085,0.2817578577832965,1.2124043732881111
2016-06-19,0.10702221222971545,0.15046189288488715,0.11336704509873483,0.13739378738158056,0.168602280141027,0.2559222022415713,0.27690835060744823,1.2096777705849644
2016-06-26,0.1086913786080932,0.14727357352556064,0.11336704509873483,0.13643748661689944,0.16932594242579965,0.2639827209348291,0.2758425884201711,1.214920735630088
2016-07-03,0.10976193201738273,0.1502686144849421,0.11883336824064797,0.13643748661689944,0.1678786775705223,0.25672819395409946,0.28238727412062653,1.2222955470051207
2016-07-10,0.10889858213064027,0.16376255001665602,0.12738940037509625,0.135334983118999,0.16858470921768143,0.2579063192627634,0.28521974586554105,1.2470962899873774
2016-07-17,0.10213556586896504,0.16972045797178,0.12066380288789436,0.135334983118999,0.16931129750158386,0.2627838506456419,0.2901836983285966,1.2501336563234606
2016-07-24,0.10523792277723064,0.17606487580317187,0.11801449970608753,0.13574638227204508,0.16931129750158386,0.2642065589100888,0.2912565983394321,1.25983813530964
2016-07-31,0.10722941575226252,0.183890672388209,0.11560599636758291,0.12441107441668248,0.1707646532121926,0.2642065589100888,0.29207199099699965,1.258180362044018
2016-08-07,0.10836904075466058,0.18743320253050513,0.11102996585007611,0.12441107441668248,0.1714797912852148,0.2678647849219113,0.2932021245655421,1.2637899843245926
2016-08-14,0.11350890834862097,0.20302044777330144,0.11612922270619132,0.12441107441668248,0.1729391930654539,0.2761975040098737,0.29395314584184434,1.300159496161968
2016-08-21,0.11276068153598556,0.20050840729869002,0.11782277988143616,0.12441107441668248,0.17950653839794742,0.2761975040098737,0.29358835285313417,1.3047953383937496
2016-08-28,0.11497087120445167,0.1997677492042822,0.1248389224235284,0.1276011413643631,0.1809658953924856,0.28818848556832377,0.2940604314772866,1.330393496634721
2016-09-04,0.11433775620914478,0.20174906787032076,0.11370985989262596,0.1386968981081999,0.1824135036048037,0.2973340141392147,0.2933523244551613,1.341593424279471
2016-09-11,0.11285852545503695,0.1920375360377175,0.11177435681877732,0.14424478327898052,0.18754158579392574,0.3042440431920627,0.29041256707480456,1.3431133976513052
2016-09-18,0.1138024513625537,0.2027493543664999,0.10693868466765999,0.1581144486138965,0.1794832946191462,0.29753723473927945,0.28766594566645043,1.3462914140354862
2016-09-25,0.11532772234088152,0.20955711168494942,0.10475130588738446,0.15299965096664983,0.17875055576564447,0.28453020486850344,0.29267281238368287,1.338589363897696
2016-10-02,0.11369885522966944,0.22107545323253625,0.10693868466765999,0.15856320071598967,0.18314610810120258,0.2855463260981599,0.29244392180926837,1.3614125498544865
2016-10-09,0.11249591084799573,0.21568730753967644,0.10475130588738446,0.15299965096664983,0.18240172496544974,0.2831431167199989,0.2902266125827736,1.3417056295099288
2016-10-16,0.11592057183935836,0.21291257298664168,0.10608522610036002,0.14743597883779,0.17725328021095527,0.28969922328000003,0.28839553164387083,1.3377023848989762
2016-10-23,0.12083020454188317,0.21791350494890027,0.1038648521475199,0.14918112439062728,0.1831373151752463,0.2929772947893332,0.28816664106945633,1.3560709370629664
2016-10-30,0.12256844251336944,0.22765735151600922,0.1036181056396457,0.14918112439062728,0.17872428148774455,0.29195293390133187,0.2886101029147553,1.3623123423634835
2016-11-06,0.11897687726662541,0.21801032402275802,0.10189115257319938,0.14918112439062728,0.18165150476000436,0.29768944966666916,0.2831454550486939,1.3505458877285774
2016-11-13,0.11406723330732206,0.28382969788767215,0.10216500368967531,0.14073691031560023,0.17648251829733358,0.281913839903999,0.29125659833943224,1.3904518017410343
2016-11-20,0.1134340845416796,0.301220186650163,0.09794944362920263,0.14073691031560023,0.17131357662036378,0.2747430584773327,0.2948043149300305,1.3942015751643724
2016-11-27,0.1130829856190826,0.30380126741427493,0.09770150297979038,0.14711866234017032,0.169836723345315,0.26777717474933227,0.2986810480787205,1.397999364526686
2016-12-04,0.11213904845478734,0.28580549520749565,0.0991892991493459,0.1468362240057489,0.17204667375947325,0.2724893843146661,0.29697873173055506,1.385484856622072
2016-12-11,0.11388166531312487,0.29669496637002213,0.09770150297979038,0.1468362240057489,0.17797936092358016,0.27638211246133193,0.304789431585642,1.41426526363924
2016-12-18,0.11259094057241265,0.3244515089303262,0.09722976097165437,0.1468362240057489,0.17649611822186023,0.2835529121173309,0.30554047469015083,1.4466979395094843
2016-12-25,0.10686399820736538,0.35472856949965703,0.09473668997201266,0.14728946335690846,0.17501295016297527,0.27597238998133056,0.30607692469556863,1.4606809858758178
2017-01-01,0.1093001226778656,0.34490542201098773,0.09573391035749662,0.14728946335690846,0.17501295016297527,0.27843081600800207,0.30529012698864794,1.4559628115628835
2017-01-08,0.10855010603744267,0.3331436094288825,0.09548459925034608,0.14728946335690846,0.17946291712520687,0.2875619251767894,0.30822272471723966,1.4597153450928158
2017-01-15,0.11008503533175602,0.3342099643851545,0.09713691446347837,0.14474021636908918,0.17946291712520687,0.28838824259519047,0.30862327230836173,1.462646562578237
2017-01-22,0.10909663389223608,0.33608412513923847,0.10626729662023424,0.14474021636908918,0.17573964294684666,0.2857026790840548,0.30815119368420935,1.4657817877359087
2017-01-29,0.11101530676690628,0.3611587637124763,0.10905714785675688,0.14519482909041756,0.18020756897516552,0.286942200784988,0.31085490083838657,1.504430718025097
2017-02-05,0.1123176710166267,0.3695923463349873,0.10702818116803137,0.14775204434476094,0.18094647332683358,0.2871486297475942,0.31121253417533173,1.5159978801141658
2017-02-12,0.11342236623522164,0.36713658292463114,0.10981801637580853,0.1449107590290629,0.17870332177969264,0.28136442604811895,0.313673053279771,1.5090285256723068
2017-02-19,0.11291653163484275,0.3464888440017652,0.12235866640589574,0.14292173828832672,0.17346939605062142,0.28239737295178513,0.31783588873237584,1.4983884380656127
2017-02-26,0.11260255756786378,0.327844337076517,0.12592749062948635,0.14252536462079096,0.16898313774204055,0.281364426048119,0.32002462483643035,1.479271938521248
2017-03-05,0.11106179726226781,0.31845504539894065,0.11828007998989744,0.14252536462079096,0.16896477560464457,0.2848763069776559,0.32294290326149205,1.4671062731156894
2017-03-12,0.1118583494251664,0.32068742108509074,0.12439803575043588,0.1470862045719231,0.16821382389941672,0.28508295469225353,0.3220702770462176,1.4793970664705038
2017-03-19,0.11609685299126184,0.34317312700809766,0.12241343662919092,0.14822641455970614,0.1742214972555074,0.2846697504097214,0.3236867867142359,1.5124878655677212
2017-03-26,0.11914929734349042,0.3477025704142388,0.1229256351909111,0.15070904629547546,0.1742214972555074,0.2939658532680662,0.31953822690874795,1.5282121266764372
2017-04-02,0.11789925460041414,0.3524261524867324,0.12548658792764825,0.14897012850043345,0.17497237431790028,0.2964449513579305,0.3219558317590104,1.5381552809500694
2017-04-09,0.11978302020483834,0.32460213375766866,0.12625486974148306,0.14897012850043345,0.17722539364782067,0.29891261965624116,0.3205682126654066,1.5163163781738918
2017-04-16,0.11665502035506344,0.30894312665528284,0.12992870629106681,0.14897012850043345,0.18174455451804444,0.2991209262401073,0.3193236556378635,1.504686118197862
2017-04-23,0.11423635514807547,0.3289698783616222,0.1314878784642318,0.1507090462954755,0.17646566394520355,0.295371517106512,0.3201104533447842,1.5173507926659047
2017-04-30,0.11053271741420814,0.337446505586921,0.1351258346670651,0.15374137963960843,0.17344913798521788,0.2991209262401073,0.3246452414378643,1.534061742970992
2017-05-07,0.11100948701240218,0.336022936735857,0.14084271114390326,0.15315232621670455,0.17719531258533866,0.30891102578316276,0.32557507938263913,1.5527088788600076
2017-05-14,0.10875360607985074,0.41376830893704186,0.13252727849343868,0.15315232621670455,0.183253205640779,0.3291164180608615,0.3256895246698464,1.6462606680985226
2017-05-21,0.10939945249168401,0.44000699744802435,0.13356675866637296,0.15315232621670455,0.183253205640779,0.3347404953025893,0.3247310699462182,1.6788503057123723
2017-05-28,0.10971159170376132,0.45938463904691695,0.13564559879665045,0.15315232621670455,0.183253205640779,0.33453220694805574,0.3293230915970051,1.7050026599498729
2017-06-04,0.1114883841417399,0.46521442987215916,0.1364251408041829,0.15315232621670455,0.18627931574077133,0.33536539682485517,0.3319695651934754,1.7198945587938885
2017-06-11,0.11003573064176002,0.4845174316292991,0.13720471486920624,0.15315232621670455,0.18703958287180006,0.33953138266751764,0.33341441784478615,1.744895586741074
2017-06-18,0.10782671167826186,0.49105967945199186,0.14084271114390323,0.15315232621670455,0.1893205783362571,0.3561955812488241,0.3313544463314689,1.7697520344074116
2017-06-25,0.10618199502286842,0.4982173775037885,0.14032304318679073,0.15362495592292094,0.1832379785024506,0.3347404953025893,0.3329566366959571,1.7492824821373656
2017-07-02,0.10583982272565201,0.4681940173186211,0.14084271114390323,0.15362495592292094,0.19084123202685047,0.3530710371788295,0.33098249369099364,1.743396270007771
2017-07-09,0.10740053004281715,0.4753193380710825,0.14214196919478458,0.1565793607082667,0.19314729255528137,0.35360202117942924,0.33101111046984705,1.7592016222215086
2017-07-16,0.11186655561672056,0.5342321960339708,0.13954729999193635,0.17135089511691542,0.20001809086895228,0.35989763057626867,0.33507381993877466,1.8519864881435386
2017-07-23,0.11094213770641,0.5444342048484851,0.14060046871350806,0.1673780343684561,0.19849127168019265,0.34709659216411587,0.337283991341711,1.8462267008228788
2017-07-30,0.11225072695466189,0.5324183790580682,0.13954729999193638,0.1836714668900244,0.20078155271331657,0.35150349686670435,0.33726969386638755,1.8574426163410993
2017-08-06,0.11474786316483752,0.5415519057121031,0.13612439345279637,0.1836714668900244,0.2015353707034062,0.3441586800015003,0.33843558203734186,1.8602252619620097
2017-08-13,0.11282698396157387,0.505115838183999,0.134281360211605,0.1836714668900244,0.20000275923065494,0.3389123145316906,0.3341582794693232,1.808969002478871
2017-08-20,0.11483188375984438,0.5230587431097381,0.13401808806714394,0.18219028036408952,0.20000275923065494,0.34583760153594284,0.3328135746298963,1.8327529306973103
2017-08-27,0.11426763773563237,0.5305400577428137,0.13296487927370854,0.17821404737996818,0.2023017137611993,0.3428995799973316,0.33450161533094497,1.8356895312215986
2017-09-03,0.11345726224868923,0.5525638788110518,0.13902070761677784,0.17821404737996818,0.20076908735988108,0.3630454717333537,0.3390936151535253,1.8861640703032474
2017-09-10,0.11225072695466191,0.5306183263446852,0.13954729999193644,0.18712474498976306,0.203055486965588,0.36598331097863873,0.337734612838775,1.8763145090640485
2017-09-17,0.11270091929872798,0.5838452925904881,0.13717765834684098,0.20405505413110392,0.20228639705146903,0.35926809880351696,0.342283720235385,1.941617140457532
2017-09-24,0.11558222684684492,0.5802471892382701,0.13428136021160503,0.21495153622321736,0.20151721756594806,0.3609469109619637,0.34233377231312034,1.9498602133609695
2017-10-01,0.11759312650807613,0.5795016041635287,0.13454468044230256,0.2143561054675493,0.202286397051469,0.3544414819466504,0.34478715359400125,1.9475105491735774
2017-10-08,0.11525207678910697,0.5877027271615367,0.13217498269659791,0.21137889729831139,0.20536495120729228,0.35375419964815374,0.3492504106540509,1.9548782454550497
2017-10-15,0.11504199153125422,0.6307836801153471,0.13750299379378933,0.256036394341556,0.2061368775491391,0.347625971983445,0.3504234584767702,2.043551367791301
2017-10-22,0.11404553023830113,0.6382720020093414,0.13803692733437642,0.2500820867848757,0.21308546862538766,0.33832777275184883,0.35248340816188084,2.044333195906012
2017-10-29,0.11390746584953385,0.6543504124471751,0.13349804343451277,0.25125918739907466,0.21154116808468434,0.31592749590918795,0.3536707534599236,2.0341545265840923
2017-11-05,0.11340322971170733,0.6764904789688722,0.1356339779561796,0.22374461351657365,0.207649081670817,0.2977536716054951,0.35482948197911285,2.0095045354087575
2017-11-12,0.10786273336958323,0.7006403780777133,0.1356339779561796,0.24188600398549848,0.20377484982306798,0.30684064756000573,0.35412853460875254,2.050767125380801
2017-11-19,0.10970316037663654,0.6851454472410411,0.1356339779561796,0.2300941117387631,0.1991260791342491,0.3076859052550006,0.35477227024961255,2.0221609519514825
2017-11-26,0.10038531691477894,0.7032985074295187,0.1356339779561796,0.23030354389064595,0.2006756793162334,0.3119122301886403,0.3576762511993508,2.039885506895348
2017-12-03,0.09828635547504577,0.6412456457969884,0.1359010008270823,0.24242477302340934,0.20145036744297315,0.3062066678300943,0.35952878926534204,1.9850435996609352
2017-12-10,0.09515614929667743,0.6211660893744383,0.1353670192002588,0.23939446574021847,0.19599354328019505,0.31043317505706025,0.3638132514851257,1.9613236934339742
2017-12-17,0.10370357883540142,0.6213931371411779,0.13376505829104274,0.2415157923397925,0.1983267887291122,0.30831981206758163,0.36806193727429093,1.9750861046783994
2017-12-24,0.10955757645980595,0.6334279200749738,0.1348330055159443,0.24172636670052866,0.20221553114397411,0.3127576337182963,0.36973563684360294,2.004253670457126
2017-12-31,0.11021878837434343,0.627686157965026,0.135100028386847,0.24172636670052866,0.20221553114397411,0.31869354192384786,0.37123056340085553,2.0068709778954226
2018-01-07,0.11323375891081935,0.6987267076337157,0.13349804343451274,0.24172636670052866,0.20141931602363689,0.33126233863840243,0.3764734803442675,2.096340011685883
2018-01-14,0.11345212915767601,0.723315186198287,0.1332187104870836,0.24172636670052866,0.19829651359525935,0.31997160043394307,0.38300382491298623,2.1129843314857637
2018-01-21,0.11693419971958192,0.7464437144633626,0.13538489125146572,0.23383073922046088,0.2014193160236369,0.33211441410379783,0.38614385608890406,2.1522711308712097
2018-01-28,0.11515676564522669,0.789327713333487,0.13430182090520654,0.24011345901790698,0.20298062020214022,0.34809173143192523,0.39335375638551445,2.223325866921407
2018-02-04,0.11345820781808648,0.7575054266018699,0.1326771953498859,0.2288534009696162,0.19982173542735127,0.3417007461668099,0.3849565326190679,2.1589732449526875
2018-02-11,0.10980022757796887,0.7528341487269499,0.1326771953498859,0.2252014465180298,0.19512013253995975,0.33296648956919317,0.3570611323373443,2.1056607726193315
2018-02-18,0.10943625090072452,0.7909818648641649,0.13105260986642894,0.2221582213966174,0.19982173542735127,0.3414877181857947,0.37830456128317025,2.173242961924252
2018-02-25,0.11013387849383209,0.7977616400625609,0.133489484084428,0.22296986956866577,0.19903816480325334,0.34468317435968715,0.37577248931749396,2.183848700689921
2018-03-04,0.11220248040184856,0.7677786341925072,0.12996948341956058,0.22876526051977178,0.1895797979734474,0.32210202607875543,0.3679188752082302,2.118316557794121
2018-03-11,0.1125361313177118,0.7963099483205768,0.13078186031220282,0.22632516246606257,0.19901942945168266,0.3363749737241007,0.3824030253545097,2.183750530946847
2018-03-18,0.11141992041467257,0.8130260195020341,0.1299694834195606,0.23029040848883336,0.19429962864113204,0.3255104008576673,0.38080799464178644,2.1853238559656862
2018-03-25,0.11020666482385813,0.7561908144016126,0.1299694834195606,0.2351037309874374,0.18957979797344743,0.32146279630104907,0.3639276749441263,2.1064409628510914
2018-04-01,0.11210543571407336,0.7517116105536671,0.1299694834195606,0.2351037309874374,0.18250004450763702,0.3199053185805312,0.3633411728609732,2.09463679662388
2018-04-08,0.11097102260013834,0.695428102120953,0.12509567086858056,0.22684908278888088,0.19178971853047172,0.3501984954029949,0.363620115513123,2.0639522078251424
2018-04-15,0.11203262687049026,0.7514194327992789,0.13074016954521694,0.23051781683243094,0.19415744896913256,0.36523765835708816,0.36807621292140763,2.1521813662950455
2018-04-22,0.11202657072363688,0.7423634865339895,0.12716205666362232,0.2274605316639437,0.19652523912206135,0.3684604585299129,0.37006467522990116,2.144063018467068
2018-04-29,0.1102430692456497,0.7346382941950029,0.12798771337189233,0.23671617634742798,0.19336822041814594,0.3562142116267636,0.3692206657934801,2.1283883509983625
2018-05-06,0.10868401667492963,0.7759582348891215,0.12881349831012615,0.23640451650317693,0.19399401101774133,0.36523765835708816,0.36743249910875425,2.176524434860938
2018-05-13,0.1058995737061313,0.8261717035508013,0.1318411359858013,0.2295523783969237,0.19320222968179968,0.3633041459632535,0.37740331828904217,2.227374485573753
2018-05-20,0.10847808516835739,0.7982898123543266,0.1318411359858013,0.23048667804345482,0.19003496998093009,0.35449536785388,0.37600137989190835,2.1896274292786586
2018-05-27,0.1085404927485715,0.8091311711628651,0.13129067680862735,0.24288277157812446,0.1932022296817997,0.3482648736331645,0.377503466100926,2.2108156817140783
2018-06-03,0.10409103715267588,0.8367186948359145,0.12716205666362235,0.24288277157812446,0.1963694744541023,0.3598666407108125,0.37851913255405456,2.2456098079493065
2018-06-10,0.10779788306842651,0.851853815337365,0.1321163816031338,0.24288277157812446,0.1962210546411016,0.35556958596660126,0.38361182777964076,2.2700533199743935
2018-06-17,0.10807246966730141,0.861532469351996,0.1321163816031338,0.24288277157812446,0.19463217739937033,0.36265959322042157,0.38381207974699516,2.2857079425673428
2018-06-24,0.1041596809882,0.8150554974456835,0.1321163816031338,0.24185021477476273,0.19145446770160868,0.3706088947553554,0.38288224180222036,2.238127379070965
2018-07-01,0.10048403886255644,0.769422837915274,0.12881349831012617,0.24153738552620949,0.19463217739937033,0.3781284215444041,0.38004981371371904,2.1930681732716595
2018-07-08,0.095766255436653,0.8032981269664822,0.12908874392745864,0.24122452908220737,0.19448605658568582,0.38877872683520415,0.3827964132938666,2.235438852127558
2018-07-15,0.09691449187463255,0.8097613241269329,0.12315935834308532,0.23465429899912227,0.19129770281966132,0.3831505662229691,0.3890764756457022,2.2280142180321056
2018-07-22,0.10486486187970655,0.8148606705662048,0.12315935834308532,0.2324640863275161,0.18731231286211517,0.3766564393938812,0.38990616577859316,2.2292238951511023
2018-07-29,0.1050770296415888,0.8185304732131827,0.12427899025777774,0.23205142258609676,0.19129770281966135,0.36821414378753087,0.39336807568904425,2.2328178379948826
2018-08-05,0.10457780277021166,0.8187905552099688,0.12595841809388456,0.23675512023023512,0.18875466621885334,0.35868946332744484,0.39339667063969114,2.2269226964902895
2018-08-12,0.10113929594124739,0.8275273582792981,0.12427899025777778,0.2433405253737995,0.18475570619391452,0.36345173064015734,0.3949416274464725,2.239435234132667
2018-08-19,0.10009713212743045,0.7951459296652472,0.11756119075525047,0.22327124953323763,0.18795497274240772,0.3643176968570103,0.3952992607834177,2.1836474324640016
2018-08-26,0.103398340028568,0.8841377679468468,0.11784109272314401,0.22376205939703533,0.18875466621885337,0.35717420474127837,0.3998054757540574,2.274873606809783
2018-09-02,0.10070245413652727,0.9116148021307637,0.12847756786241754,0.2137053591688444,0.18795497274240772,0.35630831144175595,0.40315291854909463,2.3019163860318113
2018-09-09,0.09526701730849732,0.883451494330598,0.1270780660373225,0.21999074412028152,0.18458425160205041,0.34743306918564437,0.40125028474895497,2.259054927333349
2018-09-16,0.09903625954768351,0.8983023828110239,0.12595841809388458,0.2174764704797316,0.18618935619609833,0.33011549486451724,0.40485525672546674,2.261933638718406
2018-09-23,0.10313000094178161,0.8561220505797866,0.11868082266994288,0.21653376743949423,0.18297914700800252,0.34656724880345247,0.40886073263668743,2.2328737700791477
2018-09-30,0.097588468976032,0.9132184012790981,0.1153219429546111,0.21706700220355649,0.18057155729548208,0.33682607678915316,0.4064860420406019,2.2670794915385346
2018-10-07,0.09688329934130405,0.8769523223931082,0.1153219429546111,0.21139615281063093,0.18282093405505728,0.3509233301266922,0.4022802705056136,2.2365782521870172
2018-10-14,0.09517965345026472,0.8011703596754792,0.11526488062071269,0.20162969601069214,0.17798863156368047,0.3365198240011116,0.3849851275697146,2.1127381728916554
2018-10-21,0.09436839430620637,0.7447236196022516,0.11811795724376968,0.2009996182531414,0.18362637502979354,0.3343375176756583,0.3878032800110991,2.06397676212192
2018-10-28,0.09293307061678559,0.6443744503621266,0.10699091433479732,0.195228852781003,0.17718331001748017,0.32058855396718616,0.3713092322574443,1.9086083843368233
2018-11-04,0.09040567055751082,0.6984161358194161,0.11383831425887961,0.16738464286253615,0.19075066041093097,0.33804736915746497,0.37821873277481644,1.9770615258415551
2018-11-11,0.08953200946162763,0.6683567382923798,0.1141236499714899,0.17314549559355502,0.18590104078184744,0.3513597768083168,0.38828965611057503,1.9707083670197916
2018-11-18,0.08629322602587199,0.5343408711430445,0.1141236499714899,0.17314549559355502,0.18994232329419897,0.37034635590694037,0.3806362939686657,1.8488282159037666
2018-11-25,0.08155671132048148,0.47120006968801864,0.11184115661555334,0.1685856346785828,0.16650266676548212,0.35790695099533343,0.3692492607441271,1.7268424508075788
2018-12-02,0.07779369407982675,0.531091379021544,0.1141236499714899,0.16890681292994453,0.16326961686989372,0.3515779819197965,0.3822957178908609,1.7890588526833566
2018-12-09,0.07638958543729156,0.4801617307550505,0.1141236499714899,0.16055775573057496,0.1655166349158847,0.353760470538576,0.37158103708603574,1.7220908644349033
2018-12-16,0.0757343339869899,0.47638838331502925,0.11127054930531469,0.17019126757862704,0.16713938507611314,0.3509233301266923,0.36633096049085884,1.717978209879625
2018-12-23,0.07620861583712707,0.4214792677772872,0.10841744863913949,0.16312666502794,0.15253493220539693,0.3378292005046506,0.34514478693094636,1.6047409169224875
2018-12-30,0.07840526922940137,0.4347511138050099,0.1166914229394276,0.17334889035578488,0.15010090400073967,0.34263040567184266,0.34810597961018497,1.6440339856123911
2019-01-06,0.0806643076883327,0.44301361290088836,0.1166914229394276,0.17334889035578488,0.1662547331249354,0.359872547014582,0.35211147734961223,1.691956991373563
2019-01-13,0.08636810048831683,0.48413031174594273,0.11634239700666414,0.17334889035578488,0.17684943261678007,0.37417940121860327,0.3622682728501378,1.7734868062822298
2019-01-20,0.08799062440482282,0.5104787389681023,0.11634239700666414,0.17399330011489933,0.17766436816012107,0.37858156629471024,0.3733406088201147,1.8183916037694348
2019-01-27,0.08299825438004445,0.5209531237684258,0.11517896654495559,0.17457737677065682,0.17684943261678007,0.3774810250256835,0.3731546324998772,1.8211928116064233
2019-02-03,0.08318546023551891,0.47079327316574204,0.11692410422314568,0.17457737677065682,0.17684943261678007,0.3829835855361562,0.3795633939578303,1.7848766265058298
2019-02-10,0.0755096768293198,0.4819832744874127,0.11634239700666416,0.1732841651874325,0.18486580437545563,0.3944291636919029,0.37601569919543865,1.8024301807736263
2019-02-17,0.07675778903487684,0.5118124960062276,0.11634239700666416,0.1807199312245366,0.18404771890448002,0.39288838404006626,0.3880178512819838,1.8505865674988353
2019-02-24,0.07987177982376138,0.5178304192741774,0.11343383688113823,0.1784094330825009,0.18977366034436172,0.4052142566681064,0.39153699475014175,1.8760703808241876
2019-03-03,0.0764582349012049,0.5089174023621855,0.11168869920294816,0.17516562792781853,0.1922276480430827,0.40851584401652136,0.39178016097167306,1.8647536174254344
2019-03-10,0.07619614332650708,0.4905230609082265,0.11256127204922957,0.17192183637086061,0.19781770966623413,0.41203760524433913,0.38342585145940344,1.8444834790248006
2019-03-17,0.07581546158991251,0.5529456494014757,0.12215951725771601,0.17516562792781856,0.20356340160024178,0.43690959729715273,0.39694440905849626,1.9635036641328134
2019-03-24,0.07457361378161183,0.5779862214249781,0.12332293970505184,0.17542606514409,0.2011009792611722,0.44681424996640184,0.39481288468394204,1.994036953967248
2019-03-31,0.07351896620039636,0.584694172198955,0.12797664552314061,0.17542606514409,0.2002801618624377,0.4446132038870136,0.3973449566496183,2.0038541714656515
2019-04-07,0.08112610577107138,0.6217828534649653,0.12855835273962216,0.17900615562199115,0.2002835655757111,0.4697825892722147,0.4059996659411262,2.0865392883867018
2019-04-14,0.0836971765026839,0.6187219317399798,0.13111014504831917,0.1952794635113827,0.21429516026560885,0.46778822736608944,0.40781642757649894,2.118708532010563
2019-04-21,0.0864866681366565,0.6066410385267441,0.1305168891207214,0.19798524750299865,0.21182255664385308,0.45360606179719937,0.40764477055979137,2.0947032322879644
2019-04-28,0.08112610577107138,0.5799075247781909,0.1325932768529409,0.19798524750299865,0.21429516026560888,0.4691180207221644,0.41202219911148724,2.087047535004462
2019-05-05,0.07875472466233185,0.595928313007932,0.13822922419386527,0.19798524750299865,0.20354211346371606,0.44429907602727947,0.41296635635979206,2.0717050552179153
2019-05-12,0.0767577890348769,0.5497218714249543,0.1388224801214631,0.19798524750299865,0.2068516125508531,0.4420831183538068,0.3980029897658017,2.0102251087547542
2019-05-19,0.07675973082917467,0.5097024032795962,0.13941575207780635,0.1973253363380183,0.1936131683452953,0.4310032570691132,0.4052414850130589,1.9530611329520626
2019-05-26,0.07725036877852741,0.47264609931292106,0.1382292241938653,0.19861419664942057,0.1952679701388483,0.42236116797723094,0.39801730906933164,1.9023863361201454
2019-06-02,0.08114402093411444,0.4410929977608017,0.13941575207780632,0.19861419664942057,0.19195836655174234,0.43720808438949754,0.38970591381123887,1.879139332174622
2019-06-09,0.08051499777780606,0.47432659063687466,0.15573038625921815,0.19861419664942057,0.19442331181863295,0.43875925476092836,0.40539886638264966,1.9477676042855303
2019-06-16,0.08649070932015161,0.471523060621001,0.15454387440402256,0.19861419664942057,0.20023933223172394,0.44274797857317916,0.4069152282387842,1.961074380038283
2019-06-23,0.08356576487003252,0.4947340806139482,0.15543374226667378,0.1982831600478371,0.20937882487065326,0.45316287026250474,0.41740101846919486,2.0119594614008447
2019-06-30,0.08366011918773716,0.5353860166220706,0.15840003793340818,0.19924511746588686,0.2151950692122491,0.4520549278844337,0.4137674515420362,2.057708739847822
2019-07-07,0.08428914234404554,0.522346129700214,0.16195960555648578,0.20588666761367952,0.21271564323537948,0.4546465191859055,0.42010474745157866,2.0619484550872884
2019-07-14,0.08938421921620365,0.5464048092874495,0.18273449462682342,0.235773473307191,0.21772072896108235,0.46156196235054203,0.4244106231420376,2.1579903108913294
2019-07-21,0.08750344228648126,0.5491104253449467,0.18424219048388882,0.23411305517536285,0.21354977691586782,0.458662076575775,0.4232375753193182,2.1504185421016406
2019-07-28,0.08762296676099664,0.5707241339549378,0.18152833152967304,0.23643304452906028,0.21354977691586782,0.4606697094360488,0.42652782821306173,2.177055791339646
2019-08-04,0.08491815987196462,0.5254756850433072,0.18906685890123617,0.23709906107231593,0.2076751320202126,0.44840012898714393,0.4124370660061392,2.10507209190232
2019-08-11,0.0820875472259931,0.5026233179362336,0.18695609752434109,0.23310301620367999,0.20432554973071113,0.4756164496737509,0.4102197567796445,2.094931735074354
2019-08-18,0.07328122866606529,0.520161866368052,0.18755917907291628,0.23310301620367999,0.20432554973071113,0.4796320435222859,0.40804531815091344,2.106108201714624
2019-08-25,0.06700356529621922,0.5295505949621615,0.18816226062149152,0.23773524420814193,0.2060004453754308,0.47227016400174804,0.40698673744360797,2.107709011908801
2019-09-01,0.06793453465163883,0.5460786588305704,0.18786069580408574,0.23907083989845743,0.21102463966687912,0.4745010332693051,0.41325248049191354,2.1397228826128503
2019-09-08,0.06979014705293976,0.5829713244853392,0.1893683916611511,0.24107424703165514,0.2110382993056737,0.4684776971845007,0.4218785948327746,2.1845987015540342
2019-09-15,0.07535700677039966,0.5937075118152637,0.1893683916611511,0.24908773958720154,0.21692378234096266,0.4729393992609496,0.42655642316370873,2.223940254599637
2019-09-22,0.07725666131773012,0.563522609239983,0.20504862412532546,0.25409627101792026,0.21776461894802893,0.47963204352228594,0.4262846183351173,2.223605446506391
2019-09-29,0.0766150530830164,0.5604877770489546,0.21077787479367194,0.2744953868603146,0.21860536598369318,0.48944773704834205,0.4227082849656656,2.2531374797836587
2019-10-06,0.07202318235344858,0.5938052380791512,0.20263624984478812,0.2738258077132547,0.21775496016518728,0.49027261434946606,0.4158846566130604,2.2662027091183563
2019-10-13,0.0732812286660653,0.6069233310380497,0.21385638770749138,0.2678002752759379,0.2185989616284551,0.4794974381302087,0.42412454266632943,2.2840821651125376
2019-10-20,0.07164576508263,0.6216077970716506,0.21385638770749138,0.2711478174704018,0.22028699441212474,0.47994642659267683,0.4240673091086225,2.302558497445598
2019-10-27,0.06709163270311046,0.6674557421808287,0.21355089584744366,0.2739904761562687,0.21859896162845513,0.48937467388319505,0.42894543306332433,2.359007815462626
2019-11-03,0.06334265829368176,0.6610923984884728,0.20499662687499784,0.27026962203492566,0.22619516886923638,0.49521126868462456,0.433837832665143,2.354945575911082
2019-11-10,0.06541843639801613,0.6780285101757508,0.18911010445653345,0.26384268477202893,0.23639197726513375,0.5030681839618325,0.4373712517804178,2.3732311488097135
2019-11-17,0.07045063290526156,0.6663136212158708,0.19980297673676808,0.26215137261026455,0.23893370015204685,0.5005989479409164,0.4420348044642351,2.3802860560253634
2019-11-24,0.06587762853652325,0.6881770260609289,0.20408005512238186,0.2661865517298497,0.23469733112628824,0.49723155270173774,0.4404898476574538,2.3967399929351636
2019-12-01,0.0644749044777482,0.7072668068786782,0.1943038347384906,0.27025567076964635,0.23385006030684993,0.4869053649449485,0.44649806152428484,2.4035547036406464
2019-12-08,0.06818614053712861,0.6928647584860426,0.19522032634737926,0.26143931417204236,0.23639797854906325,0.49184405573877227,0.4473849852148828,2.393337559045311
2019-12-15,0.0641603900853994,0.7314643803877001,0.19369277087466782,0.26143931417204236,0.23809868568610618,0.50194576749366,0.44921606615378556,2.4400173748533613
2019-12-22,0.062273945367683166,0.781689423542862,0.18941564440281766,0.27059474362637614,0.23724845901040412,0.5174351220461745,0.4584859379637132,2.5171432759600307
2019-12-29,0.06258783500882312,0.7735252137943377,0.19858091312410442,0.2719353160838381,0.24235052070726504,0.5140678361829916,0.46150434237245214,2.5245519772738123
2020-01-05,0.06509764072324316,0.7709130695923128,0.2007195004031477,0.28009343403656833,0.2500275959954236,0.5101364253925029,0.46070324719020805,2.5376909133334067
2020-01-12,0.06591537251496082,0.7978541734455898,0.1987976858779365,0.2709156227278001,0.2457608174787092,0.5011036452438761,0.4660391522937388,2.546386469582611
2020-01-19,0.0664877853320021,0.8140517073190453,0.19817839926768396,0.2379434253693761,0.25088089795592533,0.5090073369885909,0.4727626764908734,2.549312228723497
2020-01-26,0.06474538235245679,0.8179704554231347,0.20003625909844167,0.25045860777472423,0.25088089795592533,0.5171368901644865,0.47156103371750724,2.5727895264866767
2020-02-02,0.06227331498808505,0.7720886001762952,0.18950803409174757,0.252162402647528,0.24234754992243432,0.5047167354281278,0.46100369062585955,2.4841003278800775
2020-02-09,0.06510392763405659,0.8215953365224358,0.19570114062545538,0.2555700739794822,0.2500275959954236,0.5329446382405684,0.4754234475626672,2.596366160560089
2020-02-16,0.06397168144999012,0.9463415985132836,0.20065562585242164,0.27226731812385707,0.25259633958858607,0.524589187174827,0.4814030664788513,2.7418248171818167
2020-02-23,0.06390877857152036,0.9603185188885602,0.21056448410513573,0.27260802270752005,0.2483150803618927,0.48236013606642814,0.476825385959801,2.714900406660858
2020-03-01,0.060386251147549246,0.8819437445012629,0.21335141810998157,0.2783814533336494,0.24403380620663234,0.4751337004872683,0.41617078074518216,2.569401154531526
2020-03-08,0.06116623896082933,0.8693030211924673,0.20994522955237416,0.27667355194806365,0.2362639946603406,0.4344853877278122,0.42134930447912217,2.5091867285210094
2020-03-15,0.05346761555097683,0.7869603853098187,0.18269565697653278,0.24149158839028334,0.2027574381256612,0.3353487352148399,0.3612525845688029,2.1639740041369153
2020-03-22,0.03906235545475611,0.672301513365597,0.14244072898173257,0.23910059171954062,0.17182835839583255,0.24727736052046403,0.3393511225067935,1.8513620309447163
2020-03-29,0.04812029678534152,0.8258117055210913,0.1672130268865999,0.23975137881141922,0.18901124349968684,0.30644317519152664,0.36478600368407776,2.141136830379743
2020-04-05,0.055542763275713086,0.7969918423987525,0.16009099043751326,0.23975137881141922,0.18901124349968684,0.28598060348920334,0.35614559186789324,2.0835144137801813
2020-04-12,0.05912819920654325,0.8592061838565669,0.17003472724038549,0.23975137881141922,0.1890111987139859,0.30928793546444616,0.3983606231027473,2.224780246396094
2020-04-19,0.061336075607019834,0.9551745637257598,0.18265322888725494,0.23975137881141922,0.1890111987139859,0.3209415467640697,0.40602826089177346,2.3548962534012827
2020-04-26,0.060008828248341396,0.9462541954462859,0.1943254254586484,0.24301945590423374,0.1916003198010878,0.28201842158524953,0.40007728058264935,2.3173039270264963
2020-05-03,0.06353137255748033,0.9240022004443746,0.19369448595043398,0.24267219721738886,0.1916003198010878,0.30159657898610687,0.4061713229578341,2.3232684779147066
2020-05-10,0.059574811895034274,1.0211139525751185,0.20189649118353,0.24267219721738886,0.19246732618608509,0.28551455237140144,0.4133955425579745,2.4166348739865327
2020-05-17,0.06552470601580317,1.109763310979305,0.2012655677040611,0.24024209349114586,0.19246732618608509,0.2587110896100067,0.4051842514553523,2.4731583454417594
2020-05-24,0.06429206062395722,1.1797542105012349,0.20915219134115007,0.2395487183263094,0.19246732618608509,0.25428269252425745,0.4206053991981717,2.5601025987011656
2020-05-31,0.06065900851991176,1.1600506687047818,0.2119913630275057,0.24024508499052352,0.19246732618608509,0.28667988068856504,0.4313343993065269,2.5834277314239
2020-06-07,0.06786023428489951,1.1658671957861417,0.21640784341253366,0.2398968744629676,0.1680823629385157,0.33772285057813695,0.4594015002613712,2.6552388617245666
2020-06-14,0.06889825560421452,1.1680339409660065,0.20189649118353004,0.23676333325579973,0.1724368020005872,0.30998724912247316,0.4346818421015642,2.5926979142341757
2020-06-21,0.07668335921518442,1.2110217348884929,0.20820574200696473,0.23676333325579973,0.1724368020005872,0.3088218478879791,0.44891566637454744,2.662848485629555
2020-06-28,0.07720236424645263,1.1971282134311176,0.20410473939041676,0.2273346847242174,0.16285696142119493,0.2864468733589968,0.4341668710514415,2.5892407076238375
2020-07-05,0.08375485060752291,1.256919544166889,0.20978311482061898,0.23396959918248153,0.1636870345314624,0.29778387760964964,0.44804306198747956,2.693941082906104
2020-07-12,0.07785112616392721,1.3702903939634477,0.2233480177154373,0.23676325166945308,0.15755969378239107,0.3001416048029199,0.45330741422977333,2.819261502327349
2020-07-19,0.08174368641199607,1.3339708847129508,0.22631670166524778,0.23676325166945308,0.15755969378239107,0.2883528412312404,0.46171895729974993,2.7864260167730293
2020-07-26,0.08077054353578424,1.333056061774051,0.24616344622873504,0.23466281117462473,0.15931039669027885,0.30297094306044164,0.46229116190757963,2.819225364371495
2020-08-02,0.08557137947374031,1.3880086285859734,0.24328247157417518,0.2283585253862108,0.15755969378239104,0.31240190652152044,0.46571011390744066,2.8808927192314515
2020-08-09,0.08258707240200161,1.464471484344503,0.2596079732450205,0.23396241958397532,0.15843022330919762,0.2914179576768889,0.4805447813953136,2.9710219119569
2020-08-16,0.087679852891338,1.5121348731151543,0.24968462500639507,0.2381653402322987,0.15843022330919762,0.29542615041637943,0.48496512420118637,3.0264861891719494
2020-08-23,0.0834304640203964,1.658522935324499,0.24968462500639507,0.2455452332196634,0.15631781615174292,0.30273512841364963,0.48658163386920467,3.1828178360055515
2020-08-30,0.0795054673649706,1.7192292141288295,0.25320580378405516,0.2494093801611948,0.16230293244311383,0.3182962883073603,0.5020742908168478,3.2840233770063723
2020-09-06,0.07862964496760814,1.6505466703241936,0.24712376042775808,0.2525708238989213,0.1702696816451193,0.32702000835072176,0.48500803845536333,3.2111686280696854
2020-09-13,0.07467221753321467,1.5911331060297491,0.24584332012406682,0.25889395613341437,0.16053492732608626,0.3081580085112337,0.48144598073302847,3.1206815163907935
2020-09-20,0.07498361942629775,1.5943707108336194,0.24008138684369257,0.25608366003172367,0.15823394251043146,0.3053286884830446,0.4794289671303013,3.1085109752591107
2020-09-27,0.07654712968131883,1.6839039851508668,0.230478116623499,0.2571375652624621,0.16018091128851844,0.2958977432512985,0.4700446282049598,3.1741900794629236
2020-10-04,0.0748019575342532,1.70856040912042,0.22823736212078483,0.2476269632456572,0.15786720733378934,0.29888948663314535,0.48251888074386406,3.1985022667319143
2020-10-11,0.07227179393584737,1.8001866021185648,0.2368802860844644,0.25326278490041565,0.15537549514628812,0.3017518929000425,0.49944211469570116,3.3191709697813243
2020-10-18,0.07246643489354614,1.806563084425144,0.23168879982687401,0.2599554760898413,0.1535957412470405,0.29495357319749915,0.5040484338218115,3.3232715435017566
2020-10-25,0.07162303764676207,1.7776230968299087,0.23973628795357096,0.26770185494641435,0.15377373455124566,0.3053300009949934,0.49703882914896874,3.3128268420718645
2020-11-01,0.06974164722260937,1.639464687180885,0.23363582756872073,0.2396823567621429,0.15395169799831684,0.29221036853661414,0.4702449238287275,3.0989315090980156
2020-11-08,0.07428295250298497,1.9047294293241883,0.25180747205737997,0.2498550319821147,0.16281283257717669,0.3024674853521005,0.5052500765951777,3.4512052803911226
2020-11-15,0.08420897719568807,1.7392656008189327,0.24823803072708842,0.26377562079507266,0.1664647034196304,0.3174955466426273,0.5130465008031477,3.3324949804021875
2020-11-22,0.08628500294915027,1.7118954899288594,0.2440196015211753,0.26056313119978425,0.1697048145274044,0.3265599729126851,0.5157358668255884,3.314763879864647
2020-11-29,0.08881516654755608,1.7345897557114494,0.2446685733680514,0.26842827258164914,0.1788345588120902,0.32918390305022743,0.5248769958729854,3.3693972259440086
2020-12-06,0.08758251552732087,1.7734376348570924,0.25479284193123203,0.2791653893432817,0.19341841026036222,0.34588168006222286,0.5324874437607179,3.4667659157422293
2020-12-13,0.08271682365981871,1.7026539138140477,0.25310544780862315,0.2791653893432817,0.20025555958404082,0.3888186490736462,0.5260786386463516,3.4327944219298097
2020-12-20,0.08304121024694526,1.7365086190363064,0.2673832772447712,0.28274450078502295,0.21590904285704646,0.42483816969384464,0.5338464242472617,3.5442712441111985
2020-12-27,0.08083543323566598,1.7001021446726188,0.2670587432350967,0.28332101710598967,0.2056532815501111,0.4206635796061848,0.5336461722799072,3.491280371685574
2021-01-03,0.08206807299912268,1.708116574219001,0.27043346736533264,0.3014435475311111,0.20781240019367317,0.418636003856023,0.5389534387763778,3.527463504940641
2021-01-10,0.09147508140377898,1.7371298877945667,0.2677077311107183,0.2906776851800044,0.2148697608090007,0.4181620776665286,0.5504263005092702,3.570448524473868
2021-01-17,0.09342136152781341,1.6825371938826958,0.2816206982135715,0.29606058916010886,0.21288184297166393,0.4042113152459361,0.5453050103330371,3.516038011334827
2021-01-24,0.08976884645367593,1.7941437154835922,0.28687248461164666,0.2913888461684134,0.20962899779624866,0.3824433045759202,0.5546749862984355,3.6089211813879327
2021-01-31,0.08272979709708363,1.6995791026968843,0.28221154982934776,0.27340185786054744,0.20438826464063062,0.37907590933674146,0.5393825813181468,3.4607690627793817
2021-02-07,0.08466959331668021,1.778246743051696,0.26816326805717705,0.2885109693762372,0.2159813717641063,0.3884566145277828,0.5617132295783384,3.5857417896720176
2021-02-14,0.0901775631972191,1.957530391645019,0.26934495525998403,0.2845538139995104,0.2123514907008268,0.3824433045759202,0.5671921530915166,3.7635936724699963
2021-02-21,0.09082631385791513,1.9529834300865807,0.2694762627429323,0.27717908814743436,0.2118069861484844,0.38100016122960456,0.5681506296433515,3.751422871856303
2021-02-28,0.09196165002769026,1.7944054867307788,0.2671786703087563,0.2777013495478705,0.21325896843093015,0.37282215448760103,0.5556763771044473,3.5730046566380746
2021-03-07,0.09471886847759471,1.6304631097525484,0.27046106886504423,0.2795046797636026,0.2141765975865858,0.36512511045748386,0.5410706438474021,3.3955200787502617
2021-03-14,0.09497838225000738,1.682079344459439,0.27308680177662703,0.2813079827838859,0.21235381955727703,0.3713789382239548,0.5681220346927046,3.4833073037438957
2021-03-21,0.09441395611733873,1.681318305871778,0.2747278888535527,0.26327536051278666,0.2054272182602027,0.36079564395987146,0.56787882481476,3.4478371983902902
2021-03-28,0.10055772573486581,1.680467173929445,0.280964353143776,0.2747995407606732,0.2061563444004932,0.3561053460523487,0.5706111487477908,3.469661632769393
2021-04-04,0.0971127912853564,1.8077535680034102,0.2908111641227483,0.2711837154629339,0.2173998244850957,0.35169085794738963,0.5801956959840736,3.616147617291008
2021-04-11,0.10379502890424375,1.8847465981282536,0.2821458960878736,0.2747995407606733,0.21044596362470017,0.3688052845857826,0.5944581152077036,3.719196427299231
2021-04-18,0.10906294235407273,2.082710227905227,0.2783399345893223,0.2693758979981353,0.21447186971305343,0.36747950168288435,0.6052586681772958,3.926699042419991
2021-04-25,0.1056180304181204,1.9979950711180496,0.27807735168091674,0.27220297369178964,0.20660302205335926,0.34711084750222715,0.6049439490945274,3.8125512455589905
2021-05-02,0.09572445901794206,1.9645208851896214,0.2711188565219328,0.2727543614179843,0.2122759820089984,0.3374689159747194,0.6062743346304242,3.760137794761623
2021-05-09,0.09787240995787216,1.9387040087600276,0.28024370074712635,0.27716554481388844,0.21312546225635104,0.3486776950997125,0.6140993537890412,3.769888175424019
2021-05-16,0.10088589459958111,1.8641973049648164,0.28326335610755393,0.2701812640214907,0.20393900434567555,0.353137100280251,0.603828134829515,3.6794320591488843
2021-05-23,0.08430507631406609,1.9621978530653326,0.27571407344777565,0.26541050240039565,0.19015933987251277,0.3338532372252356,0.6053015824314726,3.7169416647567908
2021-05-30,0.09318033701414927,2.1261646303271204,0.26035289316232263,0.23960664463244016,0.19291525783857835,0.3367457948082887,0.6113384349053637,3.8603039926882627
2021-06-06,0.09417162018897493,2.3007325174516544,0.2638977624257978,0.24624189903381538,0.19575190949491833,0.3398793806272637,0.6128691160650281,4.053544205287453
2021-06-13,0.09569158922461143,2.333061266479154,0.2691494366226546,0.2506654563589633,0.19372244545565231,0.3440977575718804,0.6152866772588774,4.101674628971794
2021-06-20,0.09740980138707882,2.440094924682144,0.26127193334174215,0.24734774757192904,0.19372244545565231,0.33493795543354676,0.6070039206078447,4.181788728479938
2021-06-27,0.09661677259586259,2.491446385030026,0.2678365381093723,0.24959311261387912,0.2029473444263235,0.3331300066828091,0.6215095060530061,4.263079665511278
2021-07-04,0.09450204040939783,2.6820588975843913,0.2641603613629489,0.2521814666571987,0.19081310660664486,0.33825981379983694,0.6298781348688058,4.451853821289224
2021-07-11,0.09164715252050933,2.6248814003010446,0.2635695257759182,0.2562488723837156,0.201557927768127,0.3480451737164108,0.6337977822716727,4.419747834737398
2021-07-18,0.09119778754966579,2.3775501157942056,0.2638331184952888,0.25440007137744347,0.1917393943311539,0.34756198702594465,0.632023934890477,4.1583064094641795
2021-07-25,0.09284990553694791,2.560438624741348,0.25260757894535973,0.2487051812077013,0.19377717358223256,0.3418840967943181,0.6400206110658015,4.33028317187371
2021-08-01,0.09095987553526735,2.5527151216527613,0.24256367851200117,0.2487051812077013,0.18896053115762684,0.33584369805417996,0.6389334354078493,4.298681521527388
2021-08-08,0.08921522682840372,2.666218233499165,0.24551776027468197,0.24740692486870838,0.18792820582179773,0.3327026017501649,0.6444123589210276,4.41340131196395
2021-08-15,0.09826890746831254,2.64291558731322,0.24545210653320784,0.25593827316197115,0.18792820582179773,0.36302527363281034,0.6492904828757293,4.442818836807049
2021-08-22,0.0944359631193804,2.725130528378587,0.25241063374968276,0.2744845358762092,0.20467431091269947,0.3788509958308572,0.6450561163900942,4.57504308425751
2021-08-29,0.0976741443174843,2.963395668552907,0.24453309841127932,0.2652768639645624,0.2037440372608045,0.37812616110716013,0.6552701017919135,4.8080200754061115
2021-09-05,0.09648460675904921,2.990494998860327,0.24715894352408044,0.26695120616622103,0.20700967621812907,0.37812616110716013,0.6598478259673769,4.846073418602344
2021-09-12,0.09516289210702214,2.9432300229247814,0.24453309841127932,0.26695120616622103,0.20644921302767585,0.378730208272907,0.6527666684332971,4.787823309343184
2021-09-19,0.0942905818245635,2.867547600851099,0.23829668220729244,0.2704856898763378,0.20588874983722266,0.3757099724441727,0.6465438396391684,4.6987631166798565
2021-09-26,0.09384119434016287,2.8912476588348763,0.24138205542417604,0.27241909592409896,0.20738332332128692,0.37498517417914085,0.6468728780254668,4.728131380049208
2021-10-03,0.1003175623647599,2.715921235715867,0.25201677541581985,0.27241909592409896,0.20738332332128692,0.39975063401211425,0.6301785346480443,4.577987161401992
2021-10-10,0.09846716185192202,2.7275748111427065,0.2540518330278267,0.27988266930769057,0.21066618984491634,0.40422130492021285,0.6411507446343441,4.616014714729619
2021-10-17,0.07930242322209342,2.862571945080013,0.25077047633999483,0.2726057110943652,0.21366774245221243,0.4188697039002311,0.65073533552704,4.74852333761595
2021-10-24,0.09218338042294061,2.9757029213197574,0.25956709994405425,0.2733479292854037,0.21197938124006907,0.4067635311889456,0.6605487733377372,4.8800930167389085
2021-10-31,0.09241635071156092,3.347698382760966,0.26422806678384414,0.2798020076062902,0.21310492054817498,0.40918475114773656,0.6697900065406047,5.276224486099178
2021-11-07,0.09630716615895638,3.895674945698468,0.26225866291331146,0.27714446834100076,0.2143336461113062,0.4043423841474851,0.6862125450894359,5.836273818459964
2021-11-14,0.09800793031469002,3.9792132580402413,0.24558437574088487,0.2739174291805575,0.20906008503688017,0.3886044908740088,0.6824788303503934,5.876866399537656
2021-11-21,0.09086314040890199,4.318998343111616,0.23501526140447873,0.27334792928540375,0.19907793450571193,0.3643923642034292,0.6867990690007955,6.1684940419203365
2021-11-28,0.100959052403299,4.1249477680392355,0.24282723917388094,0.28080916386039106,0.19192089584860147,0.36681354770355495,0.6704194447061412,5.978697111735103
2021-12-05,0.10328886785728734,4.018888119103979,0.2398731253537091,0.28176108615780127,0.20316219636242366,0.4182642713052051,0.6626945733594082,5.927932239499813
2021-12-12,0.10328886785728734,3.9545574597189845,0.24026699971631746,0.2785245829811452,0.20051386857864495,0.3898151008534043,0.6834229875986982,5.850389867304482
2021-12-19,0.1040654730086168,3.6406599493346894,0.23895406914554415,0.27033831773881634,0.19313654398705063,0.38884653995255747,0.6779011498313432,5.513902042998618
2021-12-26,0.10561093864764162,3.8814854925969273,0.2363282080039975,0.2673049373699012,0.19464979310841762,0.3861833073738831,0.6907473113543094,5.762309988455077
2022-01-02,0.11066665056525274,3.851496167679081,0.23862583249566446,0.27112366791179043,0.19937890934476918,0.38739388089461335,0.6971417971651456,5.755826906056317
2022-01-09,0.10445378684106008,3.568110773929049,0.2343588041334648,0.2673049373699012,0.19568568637175704,0.37532620853382453,0.6836232832224659,5.428863480401523
2022-01-16,0.10841448436961881,3.5281698872097107,0.23665642862513173,0.27952464122308635,0.2010053020753429,0.40274177582598486,0.6774433686825142,5.433955888011389
2022-01-23,0.11454969883545708,3.0609254788752636,0.24880211433791824,0.2955629668363652,0.20518500226081277,0.4209379310621391,0.655012616266852,5.0009758084748075
2022-01-30,0.11695717480457839,2.9909960180160335,0.24683275855362194,0.28339256833201315,0.21259443819999957,0.4270034133639645,0.6376888347238929,4.915465205994105
2022-02-06,0.11299647727601966,3.1846774605935777,0.24289391875506558,0.2795629052196711,0.2098575242997105,0.42105926550006806,0.6547408114382607,5.105788363082373
2022-02-13,0.11260817470035495,3.1362242534136344,0.23435981394442987,0.2757332964982268,0.2098575242997105,0.40274177582598486,0.6564860638688097,5.028010902551151
2022-02-20,0.11307413779115262,3.096021094928472,0.23304686734491112,0.2719036877767826,0.20031852827959903,0.4082006588554964,0.637316925739831,4.959881900716245
2022-02-27,0.11284115624575379,3.1634624776428404,0.23961155225626868,0.2726990730703962,0.20279873054195202,0.41972487835217237,0.6383611871436065,5.04949905525299
2022-03-06,0.11322945882141851,3.0035677948825734,0.2310118417903953,0.2707785848608566,0.20517979219093369,0.4382850004434481,0.6283045394549647,4.890357012444591
2022-03-13,0.1140060527159694,2.8945831150322947,0.22516918774779845,0.26905025969315627,0.19847458154230038,0.4391341227569588,0.6217813108815978,4.762198630370076
2022-03-20,0.12115085387853597,3.4647241447750514,0.2215586647428492,0.27769207589980016,0.19157783737920325,0.4432585457212441,0.6489471688423143,5.368909291238998
2022-03-27,0.12021892769694065,3.6270037988409443,0.22319979990601127,0.28411365565926605,0.19157783737920325,0.4780739460044603,0.6615930783979261,5.585781043884753
2022-04-03,0.11961317793025938,3.498647045661611,0.22595698455925167,0.2773719854663939,0.18483426031340922,0.4912965559628185,0.663309692221415,5.461029702115159
2022-04-10,0.11804442201643968,3.0280479111622203,0.22287156325613164,0.24886432897459126,0.16379901371244412,0.4987414154054495,0.6608062588627988,4.941174913390075
2022-04-17,0.11664653274404665,2.784300340096783,0.2192609921649459,0.269281992113127,0.16096372055570016,0.5034441821764855,0.6492904828757294,4.703188242726817
2022-04-24,0.11408373574465948,2.556008284025349,0.22083822071989084,0.2741399423433554,0.15726622801252926,0.49007843549838287,0.63515680641463,4.447571652758796
2022-05-01,0.10600699714371904,2.429222909107088,0.2110567268787376,0.27158335258433647,0.16092535413853948,0.4841380064183412,0.6194352588925723,4.2823686051633345
2022-05-08,0.11416620290422813,2.445987530596341,0.1992402074830685,0.26942017218892456,0.15651908309188356,0.47027722398356864,0.605244348873766,4.260854769121781
2022-05-15,0.10940926840256984,2.3190720208324427,0.18735798625968883,0.27374661456609517,0.15872222607949502,0.4757225443896097,0.5899090296393005,4.113939690169202
2022-05-22,0.10824553138054362,2.1865231738083515,0.17593530916913713,0.2662736587526373,0.1551780051335961,0.4523325241615957,0.568522582283827,3.9130107846896887
2022-05-29,0.11025872742459658,2.46380073863025,0.1760009468818658,0.2689258949053937,0.14753402647845132,0.4913159155140626,0.6053444966856499,4.26318074652027
2022-06-05,0.11000388521527715,2.451881638066446,0.2060675233890681,0.2809615399605081,0.18432521110766487,0.522874025727134,0.6003376299684174,4.356451453434516
2022-06-12,0.11467586480930994,2.223197175383551,0.19234722180684946,0.2691232250825217,0.16626215262272928,0.4838905614573366,0.5735580439517063,4.023054245114005
2022-06-19,0.10575662387547918,2.0803482804569096,0.18414127350236606,0.26044181230229757,0.16466115338460324,0.4518374519462602,0.53995482958239,3.787141425050306
2022-06-26,0.10193411456025164,2.2435797958408457,0.158210514046888,0.24847127315181994,0.17344633141462504,0.4259721800175649,0.5703107489685529,3.921924958000548
2022-07-03,0.10159432870008527,1.9025754473695742,0.1516457329630576,0.2455015845241994,0.15538328785825647,0.41536916161558507,0.5562199867616304,3.5282895297923877
2022-07-10,0.10490718736700956,2.0748459539499686,0.14252071242166378,0.24530354726540043,0.15784641183997453,0.4115701686972591,0.5757896724817312,3.7127836540230073
2022-07-17,0.10601146608479863,2.064889762351084,0.14639394656498247,0.21778361587946835,0.14633126169331337,0.38003754309119253,0.5668345197545719,3.6282821154194114
2022-07-24,0.10745554191953263,2.2688629942736664,0.13950193864223745,0.23252508571937203,0.15292016387653848,0.40397189119128535,0.5841725769446479,3.88941019256728
2022-07-31,0.10456740150684318,2.3794308145729888,0.14442553647666936,0.23252508571937203,0.15398748177338886,0.4004260672444072,0.6024548350394419,4.017817222333111
2022-08-07,0.10489020088819588,2.487640441313768,0.1378607393640935,0.23053769670556906,0.14922543311826048,0.4104304343630962,0.6060311684088937,4.126616114161877
2022-08-14,0.10193411456025168,2.4509594324776494,0.12867001699498906,0.22258812705263278,0.1539464580713042,0.43677083561723895,0.6244850398639821,4.1193540246380485
2022-08-21,0.10159432870008529,2.3382954401262888,0.12571586310295357,0.20589396959170667,0.14481232478792372,0.43031236536275863,0.6224823019083717,3.969106593580088
2022-08-28,0.10754048557037962,2.130129488710652,0.1286700169949891,0.1991598733313497,0.14177449576284532,0.42423379440011094,0.6065175445083696,3.7380256992786967
2022-09-04,0.11051356963391605,1.7878154080958344,0.12932651433786668,0.1895810515310104,0.14177449576284532,0.40017275243829853,0.5910105682571963,3.350194360056968
2022-09-11,0.11467586480931,1.884758610575546,0.12604411578157873,0.19357226920746884,0.14177449576284532,0.3986531552709682,0.5981632349960998,3.4576417464038167
2022-09-18,0.11382641704406181,1.729508240248627,0.12407467183918235,0.18080045694869346,0.14177449576284532,0.38624269853956417,0.5678931441182907,3.244120124501265
2022-09-25,0.11255223976780027,1.6401368837104704,0.12144875459702655,0.1818678647198046,0.1352676409837896,0.37737810221370355,0.544317938830556,3.1129694248231505
2022-10-02,0.10405772834498286,1.5907336921573731,0.11783811939085892,0.16763121039987575,0.1352676409837896,0.3548367667952172,0.540426886378336,3.0107920444504335
2022-10-09,0.10575662387547924,1.5824780126279248,0.11816635604073861,0.1852766102719899,0.12623609681275483,0.38845260407460647,0.5406700962562806,3.0470363999597745
2022-10-16,0.10150938504923834,1.4712222294619532,0.11652515676259464,0.19209416936498272,0.12623609681275483,0.38037609825663965,0.5341897819370907,2.922152917645254
2022-10-23,0.10176421600177923,1.633584719362281,0.1132437760316445,0.1862725076102513,0.11638353370733119,0.39796200835395584,0.5454194337920386,3.0946301948592816
2022-10-30,0.10788026017376749,1.8128518508405818,0.10943613952919076,0.1782096417172496,0.12108404680933257,0.4022607401967682,0.5700532197870788,3.301775899053969
2022-11-06,0.11297696927881365,1.8550478242792274,0.11258727067439413,0.17366139325895236,0.11129302672131944,0.4141149106138939,0.5514562862659297,3.33113768109253
2022-11-13,0.1104286259830691,2.13954249245866,0.1129155233530193,0.16869965159804465,0.10878883425181575,0.41619921604717386,0.58387217716541,3.6404465208571923
2022-11-20,0.10915443745002902,2.0192448401140664,0.115410189212836,0.1675005634634201,0.10675673532047622,0.4142452503421378,0.5853027105131906,3.5176147264161557
2022-11-27,0.11162633596272271,2.1320735030970224,0.11816741393794006,0.1766418512843324,0.1102872518418796,0.416850550101741,0.5952592103899486,3.660906116615587
2022-12-04,0.11256073863559639,2.2114855397948125,0.1206620637690113,0.19617310596182794,0.11186775415753028,0.4121609449088579,0.5991931770963455,3.7641033243239823
2022-12-11,0.11213600912458302,2.2284358536984175,0.11816741393794007,0.1893332194052985,0.10535480105885972,0.41619921604717397,0.5872482585675072,3.75687477183978
2022-12-18,0.11127806249153877,2.1720721997189423,0.11816741393794007,0.19155871817183623,0.10696199565228603,0.40942534187967605,0.5688802156207726,3.6783439474729924
2022-12-25,0.11450597750761607,1.9931531789527226,0.11554148868141155,0.19039038808990347,0.1089304839596871,0.4254480867046964,0.5672350673456943,3.515204671241732
2023-01-01,0.11849840789487318,1.9155555223143017,0.12144983653734627,0.19056840949832124,0.1124363235598583,0.4370417599586604,0.5666199484836878,3.4621702082470485
2023-01-08,0.11013130069154768,1.9476692985871815,0.13129712837868296,0.18909525922753262,0.11309933854123976,0.4631727061809818,0.5732719198195854,3.5277369514267516
2023-01-15,0.11042862598306913,2.2150659998650744,0.14442683480505306,0.19618141417146312,0.11513349015054022,0.46050320271188555,0.5875343390432154,3.829273906730301
2023-01-22,0.11671454619997279,2.3382779219739924,0.15158358951684306,0.20143411994001853,0.11187803994018543,0.46170451573164406,0.5827420435968674,3.964334776899524
2023-01-29,0.1252940125304157,2.6693772568770195,0.14771029125854246,0.18696479495713236,0.1098151433751484,0.46437409211807074,0.6026407677032666,4.306176358819596
2023-02-05,0.12300048893043351,2.765719086214295,0.14114541400223918,0.18702523684228492,0.11104672029457442,0.46437409211807074,0.6192349632688053,4.411546001670704
2023-02-12,0.12317038748890598,2.7873467467812945,0.12479878644485504,0.18058281177124672,0.11538591728975056,0.44902393674945423,0.6041714488629312,4.384480035388439
2023-02-19,0.12784236708293878,2.8034692028591897,0.13123239629007372,0.17660403601265434,0.108948950597052,0.43607648033768526,0.6009098345762478,4.385083267755842
2023-02-26,0.12699290806091207,3.05225274219148,0.1273591140605186,0.18343002569480227,0.11084146742704806,0.4124506819215444,0.5874199155842149,4.600746854940521
2023-03-05,0.13166488765494486,3.131422778128248,0.1308385058987199,0.16890425655775004,0.1128735514298206,0.4244638121191296,0.5958886485554853,4.6960564403440985
2023-03-12,0.13166488765494486,3.0101771434850493,0.15099275392981232,0.17765475937587297,0.10980694012758817,0.4043084411301442,0.5837863486570564,4.568391274360468
2023-03-19,0.12979610482275458,3.3725218548256435,0.15033626460130747,0.1752381581900026,0.10468362015133548,0.36479858665156756,0.5828135964581047,4.8801881857007166
2023-03-26,0.12826708533717363,3.5107000349608315,0.14640324323735926,0.16997091645401682,0.10292244485370518,0.36453163630465796,0.5853027105131908,5.008098071660935
2023-04-02,0.13047566528630883,3.641537108246153,0.14288246517833617,0.1744584238772238,0.11392040972561313,0.38949222291401225,0.6063744824423093,5.199140777669956
2023-04-09,0.1311552257498631,3.5445238331572524,0.14442784461601813,0.17996737876292193,0.10747315725025942,0.41094060046584246,0.6068751778453151,5.125363217847473
2023-04-16,0.13634535485999524,3.5079469321976435,0.14285226702185733,0.18213261241472492,0.1147069660631088,0.4438874941553522,0.613841868263981,5.141713494976663
2023-04-23,0.1333637944422198,3.5552742227035043,0.1321514845557297,0.17751519233218221,0.11650508209975244,0.4335485823243931,0.6137703154027442,5.1621286738605265
2023-04-30,0.13973466956674896,3.637866054302583,0.1312991480006131,0.18128351610955842,0.11574035879147761,0.4011530165706887,0.6173180538215491,5.224394817163219
2023-05-07,0.1349607598430555,3.7599197762853276,0.1372076000433934,0.17525485619561956,0.11205248024544733,0.3880569546393891,0.6128547967614995,5.3203072240137335
2023-05-14,0.13868684359332745,3.715345838801975,0.13978434910879825,0.17831165184602688,0.10788151327166579,0.38364567489697143,0.6122825921536699,5.275938463672436
2023-05-21,0.1408804407702287,4.098679298669353,0.13559129340697534,0.1784453582704824,0.10621937408743791,0.3702739489977691,0.6236553060746786,5.653745020276925
2023-05-28,0.13941199400996018,5.105782107907389,0.1312991480006131,0.17623133598337523,0.10009708665829217,0.36627611051920766,0.6241130872235076,6.643210870302346
2023-06-04,0.14004650484580575,5.155729863737616,0.12801666128622502,0.1771228979819796,0.10285764740869122,0.38847057819657166,0.6368591445910031,6.7291032980478915
2023-06-11,0.14231264070360522,5.082707698219946,0.12801666128622502,0.18510446308053205,0.10360777057845119,0.4128705399104835,0.6404497972639849,6.695069571043227
2023-06-18,0.1412248869367098,5.597458082213687,0.1250624432792076,0.19614279663404294,0.10921918005239636,0.39963662776589987,0.6592755777031353,7.22801959458508
2023-06-25,0.14004650484580577,5.534130462177377,0.1247341825862097,0.2054297296814724,0.0975605290555572,0.3826806869453185,0.6478313109208897,7.132413406212629
2023-07-02,0.14085324439328117,5.546323596694974,0.12145170388619436,0.18919952657856753,0.09992828935135205,0.3858513147681804,0.6615501641437503,7.1451578398163
2023-07-09,0.14775133074063268,5.5726769039738455,0.12040130813759017,0.20231439582733468,0.09900426330474182,0.3947292914241852,0.658188402045183,7.195065895453513
2023-07-16,0.15146777868847616,5.961557862155159,0.12501845238724574,0.20766053156054318,0.10078863013118894,0.4163661238166568,0.6738527160095339,7.636712094748802
2023-07-23,0.16361421420455782,5.809466264946773,0.1236903506088784,0.20561264627068992,0.10483672007008728,0.4177896159424065,0.6786879257100586,7.503697737753453
2023-07-30,0.1650645262946018,6.129512396528123,0.12460401314419031,0.20766053156054318,0.10070629161996328,0.4179319141128501,0.6839236830017057,7.829403356261977
2023-08-06,0.1631609825302865,5.858110169727438,0.12473532062713856,0.20766053156054318,0.10636610697236898,0.42647272103268724,0.675168825898314,7.561674658348776
2023-08-13,0.16746662152358197,5.356603008351862,0.12782088618896795,0.20761636615154985,0.10154885994080018,0.3977186103047935,0.6645828878560195,7.0233572403175755
2023-08-20,0.16497388671381463,5.6770435486192214,0.1255887631656931,0.2076605315605432,0.10106801079809719,0.39615282000860014,0.6510357353062798,7.323523296172249
2023-08-27,0.1675572611043691,6.033538448389091,0.12348797968285748,0.20324223655475504,0.09305703571638796,0.39401754536131045,0.6547264921347322,7.669626998943503
2023-09-03,0.16678677964056426,6.360139872560112,0.11905592737159852,0.19877974894452463,0.10211912373548143,0.3911706340271416,0.6742389879535393,8.012291074232962
2023-09-10,0.16152938002188963,5.975062355501874,0.1204680598481295,0.18998729714649268,0.09868871818430365,0.3655480674329692,0.6680304784629406,7.579314356598598
2023-09-17,0.16062291667334702,5.756316190876588,0.11862854491657032,0.18365013206037364,0.10405223133911952,0.3957257432039431,0.6672150639771665,7.386210823047109
2023-09-24,0.15228357994267452,5.456043548571222,0.11862985927369943,0.1886083111174771,0.09980647970900854,0.38846598440475105,0.6510643302569267,7.05490209327576
2023-10-01,0.15273681161694586,5.7037352064967495,0.11810465338502459,0.19261047496211278,0.10266200853830561,0.3854767019828081,0.6448129065121512,7.300138763494099
2023-10-08,0.1463916582313758,6.000467680482139,0.1158725383761225,0.19482823662344198,0.10807494271413727,0.39800473790962104,0.640106439574157,7.603746233910994
2023-10-15,0.1373362327907936,5.960998782837556,0.11685728839762528,0.19780870824654645,0.10807494271413727,0.3899151069721667,0.6486753640137244,7.559666425972548
2023-10-22,0.1325229806261102,5.426802749275111,0.1204680598481295,0.19320851648087403,0.10781556632699374,0.3928568108359675,0.6334401489347294,7.0071148323279155
2023-10-29,0.1339823544228772,5.31049673306113,0.11698966980652054,0.1949105980403979,0.09977480128985874,0.3868264746874364,0.6201505255664642,6.863131156874684
2023-11-05,0.13370136271701424,5.901206826453489,0.11685836232357227,0.18860831111747717,0.10863191261991519,0.3966809602333112,0.6536679114274269,7.499355646892207
2023-11-12,0.13914005275404168,6.337848274021045,0.11554536763781705,0.18860831111747717,0.09671660223512438,0.4012405173672724,0.65491246845497,7.934011593587748
2023-11-19,0.14312844195780364,6.464120617336313,0.11160631145119672,0.18699823176153982,0.10107320593940927,0.4085946311921134,0.6749542546274298,8.090475694265805
2023-11-26,0.14321909279536935,6.264549822215717,0.11029329272232327,0.18998835776899936,0.09758791551169788,0.41447789308505406,0.6823644068913947,7.9024807809905555
2023-12-03,0.14457876530462618,6.131984458076603,0.11160631145119672,0.19182845623162745,0.09976621736384031,0.4130071140704841,0.686584497729913,7.779355820228291
2023-12-10,0.1507426170150649,6.229146637460032,0.11291932216569742,0.19044839598238084,0.10979738584471567,0.4103596316351948,0.6881008595860475,7.891514849689133
2023-12-17,0.15228357994267452,6.411185265761434,0.11324759087306806,0.19964879311145015,0.10057441265918599,0.42212619187974126,0.7082713448646247,8.107337179092179
2023-12-24,0.1504706870159249,6.403317613305373,0.11226281680844705,0.20457371213456416,0.10233116910098768,0.4294802327872519,0.7123197786864355,8.114756009838985
2023-12-31,0.15001745534165362,6.494062643242962,0.12046916583156739,0.22038385433395224,0.10357047155383031,0.44007019898707467,0.718127740585912,8.246701529876951
2024-01-07,0.14095296819434838,6.438330393524148,0.1267059827541912,0.23188215811222238,0.11065221798333376,0.5035578967533793,0.7068265358697271,8.25890815319135
2024-01-14,0.1441345953370779,7.174390098083598,0.13359932106281083,0.24002678712230446,0.11175875322566321,0.47291978449905087,0.717684278740613,8.99451361807112
2024-01-21,0.13823361191905617,7.801346249616466,0.12933202822631082,0.241943196014511,0.11529958538685572,0.4741331653370047,0.720717002452882,9.621004838953084
2024-01-28,0.145031985722119,8.003294007744495,0.13097442164599282,0.2524832817489534,0.11103727797595438,0.4656393536366659,0.7368963311237685,9.845356659597948
2024-02-04,0.1522835799426746,8.675885947049254,0.12473754862275985,0.23954768489925288,0.11278932445487115,0.4789866886888206,0.7426471031219514,10.526877876779585
2024-02-11,0.151059878061377,9.459155570494172,0.12539406199438294,0.2476923139093349,0.11278932445487115,0.46715614348677253,0.7523747124242948,11.315622004825205
2024-02-18,0.15998840583750154,9.522097791179942,0.13327222245386003,0.24338042109731917,0.11278932445487115,0.47018961381099017,0.7556506023580951,11.397368381192578
2024-02-25,0.15364326370871004,10.335659803577451,0.13918085081284057,0.23954768489925282,0.11033736704126057,0.4959742027135026,0.7651207261353773,12.239463898888395
2024-03-03,0.1547309949620484,10.789647225031214,0.16609787500626905,0.24433862554342242,0.10498769266804314,0.48930055341675793,0.7686255503000052,12.717728516927759
2024-03-10,0.1512864882701234,11.477975470285372,0.17725862636697975,0.24673410946323163,0.10575683483214661,0.48384035787529767,0.7750486310614885,13.41790051815464
2024-03-17,0.15364326370871,11.51903601719583,0.17266300872249993,0.2472132116862832,0.09497903646618662,0.47625662737675584,0.7689688643334205,13.432760029489687
2024-03-24,0.15309939245365153,12.36515876900912,0.1887476304063157,0.25104600227524737,0.09722442729837585,0.5002210903343395,0.7868505311806793,14.342347842957727
2024-03-31,0.15409648412620275,11.849380319734843,0.20351917726064886,0.24577590501712834,0.09699884918689453,0.5125956717391444,0.7903553553453073,13.852721762410168
2024-04-07,0.1491110145066681,11.541462255248272,0.21238209575600148,0.2630233674833958,0.09699884918689453,0.5331743278316016,0.7816576881432094,13.57780959815604
2024-04-14,0.1503800361783593,11.564804442406547,0.21402337517787282,0.2778753188344051,0.10602198111043123,0.5200788127802807,0.7758211749494992,13.609005141437395
2024-04-21,0.14693552948643432,9.992947685516507,0.215009768145787,0.3013509742230992,0.10376618506705095,0.49607041713107913,0.7513590023147534,12.007439561884713
2024-04-28,0.14666359948729438,11.50566115817612,0.21468149943841638,0.3133283666266965,0.10444294925862892,0.4973176316103786,0.767195016952225,13.54929022154976
2024-05-05,0.1536704600856576,11.643882382914095,0.16609912524841625,0.24433862554342245,0.10670853097767025,0.5004355766619643,0.7706426512155593,13.585777352646787
2024-05-12,0.15645324830801088,11.786694364591254,0.21271196733791983,0.3449486782209216,0.10398983739339077,0.5207024382492629,0.7857919504733741,13.911292484574135
2024-05-19,0.16524416196650965,12.12779180952902,0.215009768145787,0.33536679693258253,0.10444294179434543,0.5440873178054777,0.7982089694545714,14.290151765628293
2024-05-26,0.17092545809458584,13.962456888221295,0.20516197941334055,0.34399052816571624,0.10421637093315936,0.5362923458005178,0.800197431763065,16.12324100239168
2024-06-02,0.1582228364077253,14.377386838350146,0.2074597962499532,0.33057582909296407,0.1021773675395876,0.5313035608006501,0.7853198500210152,16.49244607846204
2024-06-09,0.16399593156477804,15.853379260682672,0.21566627350303735,0.3439905281657163,0.10422239460993926,0.5468934318932397,0.8082370221925665,18.036384842611945
2024-06-16,0.16245398929743554,17.294882945809437,0.2094293443791952,0.34351137155176686,0.10422239460993926,0.5222613743163905,0.8176356367650248,19.45439705672919
2024-06-23,0.16314235256180643,16.59988679127227,0.21632277886028772,0.3185984366893668,0.10422239460993926,0.5275620267387473,0.8243162030515693,18.754050983783983
2024-06-30,0.16291289438808995,16.202496015223538,0.21107065585855753,0.34015771038130327,0.09807827415157268,0.5313035608006501,0.8303101412712833,18.376329252074992
2024-07-07,0.1573142005009249,16.502834225470362,0.22255972401287535,0.347344162140731,0.0985355286941502,0.5423952711515477,0.8378919505519559,18.708875062522548
2024-07-14,0.1566717198658745,16.95006364428644,0.21960538579026684,0.34494867822092173,0.0960206996206671,0.5420752734467096,0.8504807138626872,19.159866115093568
2024-07-21,0.15832379845443173,15.46673562080906,0.2242026704242763,0.34494867822092173,0.0960206996206671,0.543995259675739,0.8326705562202522,17.666897283425346
2024-07-28,0.15942518418013654,14.828024789084665,0.22092006349429716,0.35932152734887945,0.0960206996206671,0.530235358367694,0.8227712899012012,17.01671891199754
2024-08-04,0.1597005249831735,14.068654930559713,0.2100874365822478,0.34542775324852454,0.09808811207721818,0.5283154085973297,0.8027438230322714,16.213017989080477
2024-08-11,0.16301385643479638,13.738153465168665,0.21238526944760594,0.3593215273488795,0.09808811207721818,0.513915511879608,0.804589179618291,15.889466921975064
2024-08-18,0.16502387806730165,16.33889335004805,0.21337004351222696,0.36650797910830724,0.09464240474487706,0.5481552662973018,0.8367618606398268,18.56335478241789
2024-08-25,0.1708061362420842,16.967109306990416,0.22321789635965533,0.3527884190535259,0.09533155218277209,0.5318354198092159,0.8508668984938663,19.191955629131535
2024-09-01,0.16979653828857735,15.65559331502187,0.2219048535876637,0.3772876023565511,0.09487213299798124,0.5564751337057661,0.8462892616312292,17.92221883758964
2024-09-08,0.16625375992001654,13.486342538860068,0.21402656489822283,0.3674879399135206,0.09533155964705559,0.5407952461686915,0.8209544846094154,15.69119209401699
2024-09-15,0.1619950729500026,15.620180620412079,0.21566786034883967,0.3772876023565512,0.09533155964705559,0.5327953400064004,0.8512961283484616,17.85455418406939
2024-09-22,0.16107726276869375,15.21491268205318,0.2363483561370629,0.3821874607735153,0.09533155964705559,0.537275307874136,0.8609235898389213,17.488056219092567
2024-09-29,0.17300890769349386,15.923193602255393,0.22847006744762197,0.3772876023565512,0.09533155964705559,0.537275307874136,0.870121908787612,18.20468895606186
2024-10-06,0.16809857707069964,16.384887008645446,0.23963094703829654,0.3772876023565512,0.09509960703747013,0.5350325530817097,0.864085099970134,18.664121395200304
2024-10-13,0.1739267291315812,17.6807788108393,0.24488315018375412,0.3836574019813352,0.09625934769254697,0.5616363317335684,0.8801642808291369,20.02130605239122
2024-10-20,0.1808103730320686,18.100499725362155,0.23996083464896037,0.38169748037090867,0.09625934769254697,0.5826567210141105,0.8871023326407427,20.4689868147615
2024-10-27,0.1863172791470357,18.56481685044772,0.23996083464896037,0.3859078797676761,0.09927470922430755,0.5570382013317802,0.8847848756023641,20.918100630169846
2024-11-03,0.18301313322669974,17.75947635718268,0.23996083464896037,0.3859078797676761,0.10136226778200975,0.5767447296929584,0.8718671175617477,20.11833231986273
2024-11-10,0.17774484830317896,19.363600549567177,0.23996083464896037,0.3859078797676761,0.09997382148066747,0.5767447296929584,0.9081025517086243,21.75203521516924
2024-11-17,0.17814869649000453,18.622526649301587,0.2524348692128449,0.3884137772099687,0.10043989880633523,0.5806860207817279,0.8909934287493759,21.013643340551845
2024-11-24,0.1808103730320686,18.61859457488879,0.263924113683363,0.37588431719395454,0.10649893389715026,0.5928384230805417,0.9030528143936281,21.041603550169494
2024-12-01,0.1881529220232104,18.133291704388267,0.2770546856619889,0.3859078797676762,0.10649893389715026,0.5908677593068243,0.9145256324701074,20.59629951751522
2024-12-08,0.19549548227113075,18.68286517203733,0.2681915267354541,0.3859078797676762,0.10696705643649547,0.5925100034240325,0.9236524422139745,21.155589562886092
2024-12-15,0.2018192477774788,17.609851315817757,0.2954374126998359,0.37939255729589494,0.10626486143105242,0.5879117636462483,0.9180161373312055,20.09869329599947
2024-12-22,0.19733110263374837,17.668878479724384,0.28099381397796386,0.373378419751662,0.10322203133603282,0.578058517694992,0.9029955371795081,20.10485790229829
2024-12-29,0.20192019856740664,17.971884454306778,0.279024233791231,0.38205931581835734,0.10322203133603282,0.5751025220344159,0.9053129942178867,20.418525750072106
2025-01-05,0.2010023883860978,18.950430422966257,0.2974069928865689,0.38205931581835734,0.10580845781679325,0.5877596945535197,0.8991617182849949,21.423628990712583
2025-01-12,0.20375584144358133,17.827598945762094,0.3000331425455341,0.37282833740701393,0.10580845781679325,0.5924752583160559,0.8828965611057544,20.285396544396825
2025-01-19,0.2074271271959308,18.06370760138861,0.3039740019660206,0.3671871854442735,0.11262723007450892,0.5854018762135863,0.9114500381600746,20.55177506044301
2025-01-26,0.2170642128971232,18.707760969045065,0.32104381446183977,0.36821286179906676,0.11004081105803198,0.6227894717883651,0.9288024146536806,21.275714555703175
2025-02-02,0.22945477416935622,15.749831965046194,0.3200590403972187,0.3625717370317752,0.13425920135514266,0.697227784871077,0.9275864089203714,18.42099091179114
2025-02-09,0.23769680730634718,17.03137990413897,0.24324483607979602,0.3564177060984648,0.12750141229357542,0.6844283870988599,0.9178731189215579,19.59854217193757
2025-02-16,0.23450278645044748,18.21324455147341,0.24324483607979602,0.353853583200104,0.1305708749521027,0.7107007929423245,0.9289454330633283,20.815062858161514
2025-02-23,0.22844517621584942,17.6334617809655,0.35124424702252116,0.35846905880805124,0.1508766968414376,0.7403413961156029,0.9253690996938767,20.38820745566284
2025-03-02,0.23220824974039686,16.386016178690674,0.35124424702252116,0.34359692843396744,0.14875163025917654,0.7224897023486649,0.894126300273529,19.07843323676893
2025-03-09,0.22945477416935625,14.781781872206018,0.34796159200630555,0.3630845344159985,0.14116146908802563,0.7285524867092623,0.8641566091749582,17.456153337769926
2025-03-16,0.22945477416935625,15.95970643682946,0.35255728979451284,0.3543664077797763,0.14116146908802563,0.7447200818112933,0.8537566037964881,18.635723063268912
2025-03-23,0.24459878849907282,15.440373304194729,0.3282656298515212,0.34769960665769145,0.14092465722988537,0.7477515469089226,0.8585631748899528,18.108176708231774
2025-03-30,0.2611195518710882,14.386965764026357,0.3610922120711679,0.34359692843396755,0.1328718149820566,0.705648424030273,0.8505950936652751,17.041889789080187
2025-04-06,0.2569893497713059,12.37197683388327,0.3742228641935212,0.3338531798338498,0.1305033530436133,0.7914185277745078,0.7882525132342271,15.047216621734297
2025-04-13,0.263404903049852,14.552257038731486,0.38801002167312476,0.3410328055356067,0.13199183567234624,0.7435652900483852,0.7999685848450641,17.220230479555866
2025-04-20,0.27626356620080483,13.313878832085775,0.3939187942908146,0.3482124312373636,0.13151621152808926,0.7873693554952843,0.8050040028565301,16.056163193694662
2025-04-27,0.2838722704636967,14.562752914550794,0.40573637158368525,0.34154563011527883,0.13484574475212505,0.8101916778467988,0.8344587229049782,17.373403332217357
2025-05-04,0.29278430705926317,15.02058532017451,0.39260732233587975,0.3435969284339675,0.1337272815847717,0.8213408105954544,0.8632267275737698,17.86786869775762
2025-05-11,0.30655159486023803,15.302630575273795,0.4589172485923511,0.3487252830124847,0.14327923560102934,0.8086473617044337,0.8624828222928196,18.23123412133715
2025-05-18,0.2886346082190532,17.762333317563066,0.46876524569848876,0.3502637567515012,0.1430404083863456,0.7989406066701238,0.9029240279746844,20.71490197126326
2025-05-25,0.2992393941440344,17.223166633415904,0.4825524672930743,0.3497509049763802,0.14495083203244452,0.8082740249723449,0.8840124190271802,20.191946675861363
2025-06-01,0.3002814341332874,17.72691461672963,0.473361007601678,0.34359692843396755,0.14089124709696493,0.7989406066701238,0.8980459476763959,20.682031788342044
2025-06-08,0.2936234773857063,18.591416412896034,0.473361007601678,0.35180223049051773,0.14382874122331293,0.824700841184254,0.913567199574686,21.59229991035619
2025-06-15,0.29416754000599993,18.624212396071236,0.473361007601678,0.34872528301248473,0.14143160150768452,0.8228341575238098,0.9171578522476679,21.621889837970564
2025-06-22,0.28937233245731275,18.87214930812893,0.46810870828374757,0.34821243123736373,0.14167130950782056,0.8179807800066549,0.9122368140387892,21.849731683660615
2025-06-29,0.2937156929154888,20.69573490627108,0.47270447018693673,0.35385358320010424,0.13903444686348912,0.8616611776610497,0.9427214761874829,23.759425753285633
2025-07-06,0.2918621517614388,20.90433305552983,0.4792697802193679,0.35385358320010424,0.13927415486362518,0.8493410655021177,0.952205919268295,23.970139710344778
2025-07-13,0.2830094609023241,21.636391614104564,0.4786132748621175,0.34513542936843306,0.13783587700567493,0.8303008921655868,0.954780861831735,24.666067410240434
2025-07-20,0.2783064688834194,22.619029823140707,0.48058285504885045,0.35385358320010424,0.14047272472143937,0.8594211572685164,0.9612897711015719,25.692956383364614
2025-07-27,0.2700716175711357,22.762029999825398,0.49502661405817733,0.34051995376048577,0.14071246257870942,0.8504610756983841,0.973477943164768,25.832299666657054
2025-08-03,0.27175916626886587,22.790891906513252,0.4956831514729186,0.34103280553560683,0.1404727247214394,0.8512077491625618,0.9515335231921684,25.842581026866814
2025-08-10,0.27802982229407214,23.969006668218782,0.5107851469440073,0.34359692843396766,0.14126596905694597,0.8851813917826467,0.9731918190326466,27.101057745763068
2025-08-17,0.28559149573623266,23.673822798896477,0.5344204297597125,0.3471867548825706,0.1525768516215021,0.9296084629012188,0.9857948143340814,26.909001608131796
2025-08-24,0.28586814232558,23.351088381715442,0.5705299234555024,0.3566807676755542,0.1549834560486013,0.9374485342750846,0.9895428047202408,26.646142010216007
2025-08-31,0.2825391526950109,22.851240439621744,0.6696668807364938,0.3551001953816598,0.15522411947702464,0.9389418812034399,0.9863670625983243,26.2390797317137
2025-09-07,0.2757244340495111,21.91189909476648,0.7221898098008164,0.356153910244256,0.1560299038088016,0.9710488401630804,0.9887989867521167,25.38184497958506
2025-09-14,0.26281425987996876,23.328785271247725,0.7405727932985909,0.3519390779893199,0.15530530102430865,0.9449152689168613,1.0067950334019629,26.79112700575874
2025-09-21,0.26176301184587175,23.179218290044705,0.7221898098008164,0.34614364624504046,0.15651297730798588,0.9460352791131278,1.014133676461104,26.625996690818653
2025-09-28,0.2623531822310565,23.378644935797826,0.7878434230449831,0.35141222055802174,0.15699605080717016,0.9445419321847724,1.012903438737091,26.89469518336092
2025-10-05,0.25267055160389984,24.615864942317366,0.8403662879943237,0.35035850569542554,0.15706875292840466,0.9437952587205949,1.0309281239939974,28.19105242325401
2025-10-12,0.24667654216804086,24.030712607871,0.8928891529436643,0.35035850569542554,0.16409806276636066,0.9617154218608595,1.0141623150681642,27.660612608373512
2025-10-19,0.25340827584215936,24.038584764994795,0.9637950655057614,0.35246593542061805,0.17209693824452563,1.0225693091913408,1.011286929069073,27.81420721826827
2025-10-26,0.24888971488281958,24.437432050277394,0.9322813337131609,0.3551215438090365,0.18373166621276563,1.0162225847458306,1.0288681524806802,28.202547046121683
2025-11-02,0.2695459935540873,26.566820521145875,0.8928891529436644,0.34808406871861464,0.18639796799119862,1.050942900830093,1.046792777238529,30.36147338242206
2025-11-09,0.26991485567321705,24.685402997602406,0.9191523806378282,0.3421292716438543,0.19352816508486362,1.1200101962665288,1.0179103054543235,28.54804817236302
2025-11-16,0.2626298288204039,24.950427615929577,0.9559184758633413,0.34050524102263774,0.1876931406059961,1.0994766760016426,1.034146824026504,28.830797802270105
2025-11-23,0.25734587446115836,23.46917274064692,0.9651099996697197,0.34158794623374805,0.1876931406059961,1.0796898292009338,1.006451719368548,27.307051250187026
2025-11-30,0.2690849159051751,23.222515154225572,0.9848061221119588,0.34104659362819295,0.18234436941108145,1.100970022929998,1.0472505583873581,27.148017736599336
2025-12-07,0.26907568534677395,23.93231064382355,1.0071283942131632,0.34862542132417,0.1853277838094864,1.121876879926973,1.0517996439557618,27.916144452399877
2025-12-14,0.2720358128582133,22.96401729892576,1.0071283942131632,0.3524148079767096,0.18922940957765957,1.138677032870971,1.0441463254702656,26.96764908189274
2025-12-21,0.2650274325947474,23.74732896593619,1.0241983669964372,0.35458019120348144,0.1860593283776291,1.1110501146963965,1.0468786057468833,27.735123005551763
2025-12-28,0.26751725189887343,24.999052000483395,1.018946067678507,0.3592410016247242,0.1860593283776291,1.1229968901232394,1.0589236720876054,29.01273621227397
2026-01-04,0.2701915022625644,24.778623592718926,0.9966237955773026,0.3603549272111574,0.18515435864677976,1.1110501146963967,1.0493248492042058,28.751323140317332
2026-01-11,0.2890864553095645,24.81273694094689,1.036016040461781,0.35645618765864107,0.18515435864677976,1.1946775426842975,1.0654898585715624,28.93961738427952
