Date,BCOLOMBIA.CL,CEMARGOS.CL,CONCONCRET.CL,CORFICOLCF.CL,ENKA.CL,ETB.CL,EXITO.CL,GRUPOAVAL.CL,GRUPOSURA.CL,HCOLSEL.CL,ICOLCAP.CL,MINEROS.CL,NUTRESA.CL,PFAVAL.CL,PFBCOLOM.CL,PFCORFICOL.CL,PFDAVVNDA.CL,PFGRUPOARG.CL,PFGRUPSURA.CL,TERPEL.CL,AMZN,BAC,C,CENCOSUD.SN,CSPX.L,F,GOOGL,ISAC.CL,IUFS.CL,IUIT.CL,JETS,JPEA.CL,JPM,LQDA,NVDA,RBOT,SDHA.CL,SUAS.CL,VOO
2022-10-24/2022-10-30,28388.814453125,2742.375,218.8603515625,14345.4208984375,26.8137149810791,118.0,3463.157958984375,515.926513671875,36985.984375,11536.140625,11442.455078125,1666.907958984375,47051.4453125,464.8585510253906,24495.0625,11266.876953125,24843.71484375,4830.12646484375,10926.8515625,6438.7802734375,103.41000366210938,34.207122802734375,42.02439880371094,1189.9000244140625,398.489990234375,11.099038124084473,96.05216217041016,289720.0,46000.0,78650.0,17.670000076293945,22220.0,119.57518005371094,5.059999942779541,13.821362495422363,111.9000015258789,27100.0,56310.0,346.60845947265625
2022-10-31/2022-11-06,29966.876953125,2634.992431640625,229.8751983642578,14300.5908203125,28.60129737854004,105.0,3337.224609375,474.20806884765625,38932.62109375,11343.06640625,11545.287109375,1714.9053955078125,46787.60546875,456.087646484375,25216.904296875,11355.591796875,25395.375,5218.26123046875,12016.1591796875,6559.35693359375,90.9800033569336,34.78386688232422,41.11339569091797,1246.11572265625,385.489990234375,11.308295249938965,86.36614990234375,295100.0,48150.0,77990.0,17.729999542236328,23060.0,123.9378433227539,5.019999980926514,14.14306926727295,112.80000305175781,28420.0,55370.0,335.3968811035156
2022-11-07/2022-11-13,32944.04296875,2824.97607421875,234.6642608642578,14542.669921875,27.70750617980957,108.9000015258789,3431.674560546875,463.5379333496094,38237.3984375,11547.6259765625,11912.3369140625,1719.905029296875,46602.91796875,499.9422912597656,25343.826171875,11213.646484375,26156.28515625,5218.26123046875,11821.94140625,6579.45263671875,100.79000091552734,36.315528869628906,46.25218200683594,1218.0078125,408.1499938964844,12.136957168579102,96.17186737060547,303720.0,48760.0,80110.0,18.719999313354492,23210.0,128.3195037841797,4.920000076293945,16.31208610534668,113.0999984741211,26890.0,55910.0,355.12384033203125
2022-11-14/2022-11-20,33757.4765625,3180.163330078125,227.0017547607422,15242.0087890625,27.70750617980957,108.9000015258789,3315.1865234375,454.8792724609375,38005.65234375,11816.333984375,12053.9814453125,1757.9031982421875,48095.96484375,482.4004821777344,25224.8359375,11533.0234375,25595.11328125,5295.888671875,12252.5986328125,6398.58837890625,94.13999938964844,35.16204833984375,44.84222412109375,1203.953857421875,409.1499938964844,11.71006965637207,97.18933868408203,316220.0,49500.0,83000.0,18.18000030517578,22800.0,126.9347915649414,4.679999828338623,15.394923210144043,98.0999984741211,27310.0,58800.0,353.0191955566406
2022-11-21/2022-11-27,34082.8515625,3113.256103515625,228.82159423828125,14883.3740234375,25.115514755249023,110.30000305175781,3564.533935546875,469.9223937988281,36865.48828125,11436.3525390625,11942.5546875,1799.9007568359375,34530.4296875,517.4838256835938,25383.482421875,12411.306640625,25680.716796875,5282.95068359375,11441.9501953125,6402.46240234375,93.41000366210938,35.64424133300781,44.501258850097656,1231.218505859375,416.1099853515625,11.908594131469727,97.21926879882812,312000.0,49210.0,84780.0,18.610000610351562,23740.0,129.68521118164062,4.989999771118164,16.255138397216797,108.5999984741211,28120.0,58590.0,358.65411376953125
2022-11-28/2022-12-04,32098.06640625,3122.34228515625,234.19659423828125,14184.0341796875,26.009305953979492,125.0,3243.404541015625,476.6568603515625,34761.26953125,11409.1416015625,11730.087890625,1837.8985595703125,39569.06640625,486.7857666015625,25097.921875,11710.4541015625,24733.8671875,5321.76513671875,10969.0732421875,6521.82568359375,94.12999725341797,34.11258316040039,43.533634185791016,1241.5247802734375,418.8599853515625,11.722522735595703,100.19190979003906,309480.0,48000.0,82300.0,18.739999771118164,23740.0,128.1867218017578,5.489999771118164,16.86058235168457,98.69999694824219,27190.0,58410.0,362.72747802734375
2022-12-05/2022-12-11,32521.05859375,3054.609375,239.07568359375,14255.76171875,26.804777145385742,119.23999786376953,3265.449462890625,448.9058837890625,38005.65234375,11418.8603515625,11595.9970703125,1799.9007568359375,41401.28515625,482.4004821777344,25343.826171875,11351.9365234375,25585.6015625,5061.955078125,10850.8544921875,6229.78125,89.08999633789062,30.79332160949707,41.34036636352539,1236.840087890625,410.510009765625,11.147393226623535,92.6007080078125,308630.0,47020.0,79180.0,18.110000610351562,23790.0,125.34147644042969,5.650000095367432,16.98981475830078,74.69999694824219,27400.0,57150.0,350.6236572265625
2022-12-12/2022-12-18,34164.19140625,2875.363037109375,248.7362823486328,13547.4560546875,21.710172653198242,112.0,3298.13818359375,455.75390625,34937.3984375,11260.453125,11543.1162109375,1799.9007568359375,37956.25,465.7356262207031,24931.33984375,11089.4453125,26156.28515625,4916.37890625,10344.2001953125,6189.5888671875,87.86000061035156,30.146642684936523,40.87038040161133,1227.377197265625,397.6700134277344,10.250864028930664,90.03705596923828,301090.0,45160.0,77700.0,17.450000762939453,23850.0,122.61955261230469,5.940000057220459,16.560094833374023,56.400001525878906,27460.0,57140.0,343.1944885253906
2022-12-19/2022-12-25,33432.10546875,2924.09814453125,232.2449493408203,13359.1728515625,19.663393020629883,108.0,3261.35009765625,464.1414489746094,37264.078125,11505.439453125,11841.5146484375,1759.903076171875,38909.3515625,470.12109375,25907.01953125,11142.6748046875,26270.419921875,5118.6484375,10656.63671875,6461.9873046875,85.25,30.878910064697266,40.787445068359375,1262.98046875,396.5199890136719,9.608070373535156,89.00959777832031,291040.0,45520.0,74000.0,17.229999542236328,23690.0,124.50687408447266,6.170000076293945,15.195996284484863,53.099998474121094,27330.0,53830.0,341.2644348144531
2022-12-26/2023-01-01,34570.91015625,2973.659423828125,234.19659423828125,13448.83203125,22.612899780273438,119.69999694824219,3211.291748046875,479.07952880859375,38932.62109375,11505.439453125,11982.21484375,1849.89794921875,39271.1796875,499.9422912597656,26612.998046875,11444.3076171875,26213.353515625,5477.0185546875,11146.4033203125,6454.85693359375,84.0,31.49705696105957,41.68133544921875,1307.01611328125,396.0899963378906,9.836431503295898,88.01206970214844,294300.0,46100.0,74790.0,17.079999923706055,23320.0,127.181396484375,6.369999885559082,14.604384422302246,60.599998474121094,27170.0,54330.0,342.3822937011719
2023-01-02/2023-01-08,34919.55859375,3039.74072265625,229.31748962402344,13897.1259765625,22.34476089477539,106.87000274658203,3352.96630859375,481.904541015625,38938.01953125,12017.1884765625,12578.068359375,1999.8897705078125,40136.03515625,504.3276062011719,28204.208984375,11976.6005859375,27297.650390625,5302.8623046875,10975.259765625,6511.1259765625,86.08000183105469,32.723846435546875,43.59815216064453,1214.728515625,400.739990234375,10.639924049377441,87.12425994873047,304060.0,48900.0,75010.0,18.43000030517578,24670.0,130.82327270507812,5.71999979019165,14.849224090576172,59.400001525878906,27180.0,54880.0,347.4984436035156
2023-01-09/2023-01-15,35549.9375,2973.659423828125,225.41421508789062,15233.0439453125,20.4588623046875,118.58999633789062,3454.055908203125,490.5717468261719,37822.64453125,12311.6669921875,12637.5595703125,2199.878662109375,39685.953125,499.9422912597656,28041.646484375,12952.4716796875,26964.751953125,5523.0810546875,11146.74609375,6571.4140625,98.12000274658203,33.503662109375,46.003360748291016,1218.0078125,410.7099914550781,10.758333206176758,91.89246368408203,309510.0,48730.0,77290.0,20.170000076293945,24180.0,136.633544921875,6.449999809265137,16.887880325317383,84.30000305175781,28080.0,56220.0,356.8926696777344
2023-01-16/2023-01-22,36072.48046875,3018.857666015625,221.2767333984375,15672.37109375,20.727001190185547,108.62000274658203,3674.09521484375,476.70074462890625,37522.08984375,12421.5400390625,12634.7265625,2308.888916015625,39787.046875,489.4171447753906,28114.798828125,12996.830078125,25966.05859375,5348.90576171875,11035.279296875,6602.5068359375,97.25,32.1912841796875,47.081573486328125,1287.340576171875,407.3599853515625,10.487683296203613,97.77788543701172,300720.0,45500.0,77700.0,20.239999771118164,23490.0,129.05712890625,6.420000076293945,17.82726287841797,82.80000305175781,27150.0,56050.0,354.4369201660156
2023-01-23/2023-01-29,34919.55859375,2735.235107421875,217.51007080078125,14695.0888671875,20.73594093322754,110.36000061035156,3589.0908203125,467.9110107421875,37121.53515625,11868.216796875,12247.564453125,2249.908203125,39389.1640625,499.0650939941406,28277.357421875,12154.0322265625,24054.26953125,4862.42529296875,10700.876953125,6591.5107421875,102.23999786376953,33.712886810302734,47.79116439819336,1381.970458984375,421.2699890136719,11.223512649536133,99.12455749511719,301800.0,47040.0,77800.0,20.299999237060547,23550.0,134.06350708007812,6.679999828338623,20.351600646972656,84.30000305175781,26190.0,55050.0,363.36334228515625
2023-01-30/2023-02-05,34637.5546875,2693.15478515625,210.87451171875,13520.55859375,21.156021118164062,118.69999694824219,3636.315673828125,473.1585693359375,36329.734375,11650.4521484375,11902.89453125,2149.912353515625,39787.046875,508.7131042480469,28277.357421875,11533.0234375,24349.123046875,4800.76416015625,10297.8798828125,6511.1259765625,103.38999938964844,34.644866943359375,46.95255661010742,1356.6734619140625,432.8699951171875,11.189682006835938,104.52118682861328,300200.0,47720.0,83500.0,20.739999771118164,23080.0,134.79916381835938,7.130000114440918,21.086118698120117,88.5,26250.0,58080.0,369.1909484863281
2023-02-06/2023-02-12,33592.44921875,2407.007080078125,201.14559936523438,13081.23046875,20.753816604614258,110.41000366210938,3777.990478515625,491.6475830078125,36329.734375,11558.7255859375,11877.1728515625,1900.92236328125,45091.97265625,495.5567626953125,27342.63671875,11089.4453125,24063.78125,4668.63232421875,10109.2421875,6438.7802734375,97.61000061035156,33.83651351928711,46.6339111328125,1358.547119140625,422.3399963378906,10.766791343688965,94.3364028930664,309790.0,47930.0,84230.0,19.649999618530273,23680.0,134.75135803222656,6.869999885559082,21.251008987426758,93.5999984741211,27200.0,57720.0,365.4585266113281
2023-02-13/2023-02-19,32680.060546875,2398.591064453125,195.0662384033203,11601.8583984375,19.761707305908203,107.0999984741211,3872.440185546875,464.22003173828125,37074.95703125,11349.8330078125,11692.7236328125,1998.9185791015625,45078.9453125,504.3276062011719,26554.21875,10619.2529296875,23768.9296875,4307.47509765625,9020.2919921875,6366.4345703125,97.19999694824219,33.61778259277344,47.85303497314453,1410.0782470703125,420.05999755859375,11.589405059814453,94.11695098876953,330140.0,50950.0,88710.0,19.899999618530273,24220.0,135.8979034423828,7.829999923706055,21.37392807006836,92.0999984741211,27360.0,59080.0,364.678955078125
2023-02-20/2023-02-26,30689.3984375,2494.53466796875,173.1103057861328,10490.0888671875,19.216495513916016,107.0999984741211,3725.164794921875,472.28387451171875,34457.3515625,11349.8330078125,11214.681640625,1939.9208984375,45149.80078125,498.1880187988281,25115.55859375,9847.427734375,23778.439453125,4659.82470703125,8432.943359375,6273.99267578125,93.5,32.53364562988281,46.69905471801758,1400.7091064453125,410.6300048828125,10.681312561035156,88.90984344482422,323000.0,49770.0,82680.0,19.350000381469727,24190.0,134.64627075195312,7.480000019073486,23.270675659179688,84.0,27940.0,59460.0,354.9436950683594
2023-02-27/2023-03-05,30805.51953125,2482.751953125,185.5800018310547,10023.86328125,20.54824447631836,107.0999984741211,3872.440185546875,480.94244384765625,33497.87109375,11254.33984375,11543.5439453125,1992.9188232421875,42749.71484375,486.8735046386719,25847.080078125,9350.6201171875,23502.611328125,5280.84033203125,9740.54296875,6499.068359375,94.9000015258789,32.4860954284668,48.71852493286133,1452.2401123046875,416.54998779296875,11.760234832763672,93.4186782836914,313480.0,47900.0,83410.0,20.1200008392334,23910.0,137.25457763671875,7.340000152587891,23.874279022216797,82.5,27850.0,58780.0,361.8139343261719
2023-03-06/2023-03-12,30274.673828125,2486.960205078125,205.10000610351562,10176.2822265625,20.655500411987305,115.0,3773.853515625,467.87591552734375,31206.310546875,11062.8544921875,11629.333984375,2299.90625,50481.33203125,490.2065124511719,24619.75390625,9297.9765625,21781.05078125,4932.89453125,9637.6494140625,6751.94921875,90.7300033569336,28.97342300415039,44.9866943359375,1452.2401123046875,408.0899963378906,10.87911605834961,90.40613555908203,307750.0,48480.0,81260.0,19.15999984741211,23650.0,127.69087219238281,6.159999847412109,22.94989013671875,67.19999694824219,27490.0,57810.0,345.63714599609375
2023-03-13/2023-03-19,26044.513671875,2523.149658203125,193.2100067138672,10534.91796875,20.55718421936035,105.62999725341797,3755.88916015625,446.04595947265625,30712.59765625,10614.232421875,10571.255859375,2289.906494140625,41686.89453125,456.087646484375,22213.859375,8472.3369140625,21876.166015625,4976.93896484375,8660.166015625,6671.89501953125,98.94999694824219,26.62836265563965,41.18041229248047,1431.627685546875,407.4100036621094,10.159833908081055,101.3689956665039,296550.0,42900.0,83890.0,17.520000457763672,23400.0,120.20044708251953,7.21999979019165,25.71244239807129,71.69999694824219,27090.0,54950.0,350.7045593261719
2023-03-20/2023-03-26,28201.068359375,2520.624267578125,182.0,10077.658203125,20.55718421936035,104.7699966430664,3664.641357421875,438.5418395996094,34932.43359375,10618.2109375,10465.44921875,2229.99951171875,41686.89453125,464.7708740234375,22197.603515625,8516.693359375,20925.02734375,5012.173828125,8857.3779296875,6804.52880859375,98.12999725341797,25.977489471435547,40.11949157714844,1414.762939453125,409.1499938964844,10.34864616394043,105.1795654296875,310010.0,42590.0,88290.0,17.290000915527344,23670.0,119.3405990600586,6.849999904632568,26.76592254638672,57.0,27400.0,57460.0,354.290771484375
2023-03-27/2023-04-02,29022.21875,2539.981689453125,203.39999389648438,10292.8388671875,20.95045280456543,105.4800033569336,4042.9638671875,485.4028625488281,37680.453125,10713.208984375,11166.0673828125,2176.371337890625,44347.765625,490.2065124511719,23717.54296875,8924.7861328125,22922.416015625,5214.7744140625,9680.521484375,6149.39697265625,103.29000091552734,27.374954223632812,43.63727569580078,1439.123046875,423.8800048828125,11.328665733337402,103.47378540039062,305610.0,42320.0,88000.0,18.6299991607666,23420.0,124.49980163574219,6.909999847412109,27.763437271118164,68.0999984741211,26810.0,56590.0,367.9907531738281
2023-04-03/2023-04-09,30066.634765625,2600.577880859375,198.0,10400.4296875,21.66461944580078,108.66999816894531,3973.70068359375,461.1806335449219,37652.5078125,11240.4130859375,11456.8017578125,2199.910400390625,49669.50390625,503.92822265625,25023.60546875,9315.1337890625,22075.904296875,5109.0703125,9774.8388671875,6943.2783203125,102.05999755859375,26.647504806518555,42.67872619628906,1446.6185302734375,424.2300109863281,11.085907936096191,108.1521987915039,308410.0,42280.0,85100.0,18.1299991607666,23200.0,121.78644561767578,6.75,27.023799896240234,63.900001525878906,26890.0,56980.0,367.87335205078125
2023-04-10/2023-04-16,33362.890625,2676.322265625,263.20001220703125,11655.654296875,20.822463989257812,115.83000183105469,3944.354736328125,492.2215576171875,40360.109375,11459.25390625,11975.3544921875,2175.911376953125,54086.52734375,517.2598266601562,27029.859375,10199.89453125,21569.10546875,5272.328125,10395.0400390625,6767.44189453125,102.51000213623047,28.25554656982422,46.12206268310547,1503.8648681640625,429.1000061035156,11.256736755371094,108.60108184814453,297000.0,40390.0,82730.0,17.93000030517578,23200.0,133.58460998535156,6.760000228881836,26.74493408203125,63.29999923706055,26890.0,54950.0,370.8479919433594
2023-04-17/2023-04-23,32919.984375,2739.66650390625,255.0,11386.677734375,21.27593231201172,106.0,4045.281005859375,499.9375305175781,38125.18359375,11837.2490234375,11877.1728515625,2012.91796875,52017.3828125,533.257568359375,26400.28125,10107.115234375,20947.29296875,5010.51806640625,10236.2041015625,6853.10595703125,106.95999908447266,28.590553283691406,45.62882614135742,1470.9786376953125,429.04998779296875,10.618375778198242,105.1496353149414,297690.0,41340.0,82810.0,18.25,22100.0,135.3274688720703,6.940000057220459,27.105758666992188,70.19999694824219,25680.0,54210.0,370.4566345214844
2023-04-24/2023-04-30,30662.853515625,2678.97802734375,250.0,11915.6650390625,20.378253936767578,105.0,3952.115478515625,496.65594482421875,39524.359375,11837.2490234375,11524.48046875,1999.935302734375,53572.39453125,522.5924682617188,24427.609375,10823.298828125,20500.3671875,5123.3662109375,10236.2041015625,6862.123046875,105.44999694824219,28.025827407836914,43.80479049682617,1541.2484130859375,431.5299987792969,10.681312561035156,107.07485961914062,310710.0,42540.0,88730.0,18.06999969482422,22370.0,133.11276245117188,6.710000038146973,27.735454559326172,67.5,26220.0,55320.0,373.84228515625
2023-05-01/2023-05-07,29811.111328125,2618.2890625,254.0,11915.6650390625,20.10062026977539,107.91999816894531,3921.142333984375,480.8310241699219,41599.6484375,11274.234375,11343.3681640625,2089.932373046875,55003.0078125,503.3439025878906,23630.142578125,10379.7197265625,19149.869140625,4789.33203125,9971.474609375,6591.60595703125,105.66000366210938,26.523075103759766,43.57939910888672,1488.593017578125,428.4100036621094,10.914854049682617,105.30923461914062,313340.0,43660.0,88940.0,17.950000762939453,22800.0,131.66842651367188,7.400000095367432,28.66599464416504,64.80000305175781,26400.0,57410.0,370.82843017578125
2023-05-08/2023-05-14,28277.96875,2672.0419921875,246.0,11852.9033203125,19.69342613220215,103.5,4125.79443359375,462.93292236328125,40378.890625,11296.615234375,11181.318359375,2129.1806640625,53252.50390625,506.8307800292969,23361.5234375,10157.931640625,18936.12109375,5024.0595703125,10236.2041015625,6574.99609375,110.26000213623047,25.929630279541016,42.7608757019043,1529.69091796875,428.010009765625,10.62354850769043,117.21974182128906,304980.0,41610.0,88300.0,17.719999313354492,22660.0,129.12632751464844,7.360000133514404,28.326162338256836,60.0,26270.0,55360.0,370.0260925292969
2023-05-15/2023-05-21,26855.552734375,2641.697509765625,240.0,11655.654296875,18.481094360351562,100.88999938964844,3971.827392578125,455.80047607421875,38297.23828125,11296.615234375,11061.212890625,2065.312744140625,52833.37109375,455.9598693847656,22547.26953125,10335.36328125,18460.044921875,4896.33203125,10103.8388671875,6450.75634765625,116.25,26.905942916870117,43.0054931640625,1553.885986328125,435.9599914550781,10.605341911315918,122.45677947998047,302210.0,41400.0,87580.0,18.450000762939453,22660.0,134.01791381835938,8.300000190734863,31.248733520507812,62.099998474121094,25870.0,54600.0,376.3081359863281
2023-05-22/2023-05-28,25092.4375,2645.16552734375,249.0,12148.7783203125,18.50885581970215,92.5,4119.87890625,429.5289611816406,37655.66015625,11296.615234375,10723.771484375,1999.935302734375,51444.90234375,451.04266357421875,22303.833984375,10211.1611328125,17810.107421875,4866.06982421875,9927.3525390625,6450.30517578125,120.11000061035156,27.097373962402344,41.96116638183594,1537.6893310546875,436.2799987792969,11.005887031555176,124.30220794677734,305500.0,41070.0,92820.0,18.219999313354492,22240.0,131.86099243164062,8.350000381469727,38.92698669433594,65.69999694824219,26110.0,54280.0,377.5802001953125
2023-05-29/2023-06-04,26063.427734375,2947.742431640625,248.94000244140625,12991.5712890625,18.50885581970215,100.0,3790.12060546875,441.3747253417969,37655.66015625,11409.517578125,11006.40234375,1949.9366455078125,51444.90234375,459.1247863769531,23655.326171875,10184.546875,18722.373046875,4866.06982421875,9927.3525390625,6495.0400390625,124.25,27.480241775512695,43.57939910888672,1544.6878662109375,445.19000244140625,11.278986930847168,124.36205291748047,297500.0,40020.0,90080.0,18.790000915527344,22240.0,135.2600555419922,8.890000343322754,39.307796478271484,66.0,26110.0,55250.0,384.81146240234375
2023-06-05/2023-06-11,28831.603515625,3066.519287109375,245.0,14013.904296875,18.499603271484375,99.93000030517578,4090.296142578125,444.5937194824219,37655.66015625,11628.3564453125,11534.3466796875,1949.9366455078125,51444.90234375,458.3143615722656,25342.59375,11354.5498046875,19859.123046875,4866.06982421875,9927.3525390625,6636.69189453125,123.43000030517578,28.23981475830078,45.4422492980957,1569.682861328125,447.70001220703125,12.50793170928955,121.92809295654297,286170.0,39100.0,92520.0,19.469999313354492,21710.0,135.780029296875,8.40999984741211,38.751075744628906,64.80000305175781,25280.0,53060.0,386.54339599609375
2023-06-12/2023-06-18,27460.29296875,3060.4501953125,238.0,13911.8837890625,18.962324142456055,90.8499984741211,4092.267822265625,468.67291259765625,33598.98828125,11638.3046875,11567.423828125,1904.938232421875,51519.9140625,427.7000427246094,24335.26953125,11308.3935546875,19829.974609375,5479.9716796875,11868.701171875,6424.78662109375,125.48999786376953,28.16263198852539,45.3387565612793,1557.685302734375,460.8599853515625,13.12695598602295,123.2248764038086,290030.0,39190.0,90480.0,20.56999969482422,21000.0,137.94659423828125,8.630000114440918,42.67557144165039,62.70000076293945,24240.0,53460.0,396.54388427734375
2023-06-19/2023-06-25,26438.197265625,2883.5859375,234.0,13355.408203125,18.925308227539062,94.80000305175781,3950.320556640625,418.6441955566406,32490.919921875,11638.3046875,11133.525390625,1899.9383544921875,47850.12109375,437.6047058105469,23302.76171875,11111.0830078125,19431.626953125,5479.9716796875,11612.7958984375,6559.34228515625,129.3300018310547,26.773313522338867,43.29715347290039,1544.6878662109375,452.8599853515625,12.762825012207031,122.03780364990234,290030.0,39170.0,90070.0,20.209999084472656,21000.0,133.70016479492188,9.0,42.19275665283203,58.5,24220.0,53390.0,391.0250244140625
2023-06-26/2023-07-02,26404.126953125,2947.742431640625,238.0,13772.765625,18.962324142456055,85.30000305175781,4137.62841796875,428.80462646484375,33805.5859375,11200.625,11188.0048828125,1849.9400634765625,46749.546875,437.6047058105469,23495.83203125,11157.9873046875,19052.7109375,5425.8037109375,11427.484375,6570.88427734375,130.36000061035156,27.68022918701172,43.31596755981445,1553.586181640625,462.45001220703125,13.773290634155273,119.40433502197266,290030.0,38920.0,92000.0,21.420000076293945,21000.0,140.04574584960938,7.849999904632568,42.28572082519531,54.900001525878906,24100.0,55210.0,398.5302734375
2023-07-03/2023-07-09,26656.1640625,2855.842529296875,253.8800048828125,13911.8837890625,18.0461368560791,89.0999984741211,4141.572265625,424.8394470214844,35065.79296875,11104.6328125,11142.634765625,1833.9404296875,47079.46484375,446.32012939453125,24036.4453125,10892.982421875,18450.330078125,5498.02734375,12009.8359375,6551.0283203125,129.77999877929688,27.525861740112305,43.033721923828125,1629.6707763671875,460.1000061035156,13.636738777160645,119.18488311767578,295520.0,40120.0,92990.0,21.68000030517578,21260.0,138.9865264892578,7.710000038146973,42.48664093017578,52.79999923706055,24370.0,55210.0,395.78411865234375
2023-07-10/2023-07-16,29549.76171875,3030.1064453125,237.27000427246094,14347.7900390625,18.175697326660156,89.93000030517578,4104.72216796875,432.4964294433594,36117.48828125,11289.65234375,11496.6865234375,1904.2681884765625,46366.1328125,444.5058288574219,25353.984375,11179.2197265625,19276.173828125,5704.9111328125,12118.357421875,6502.61474609375,134.67999267578125,28.085445404052734,43.04312515258789,1670.6624755859375,471.04998779296875,13.636738777160645,125.1102066040039,287680.0,40070.0,92120.0,21.3799991607666,21120.0,145.20556640625,7.849999904632568,45.45150375366211,57.29999923706055,24330.0,54760.0,405.48980712890625
2023-07-17/2023-07-23,29462.07421875,3252.722900390625,268.8999938964844,14644.5771484375,18.0461368560791,84.16999816894531,4131.71142578125,449.8674011230469,36951.26171875,11536.841796875,11590.6787109375,1884.038818359375,46459.14453125,464.4631652832031,25440.6640625,11733.03515625,19820.259765625,5612.44921875,12471.056640625,6582.58837890625,130.0,30.854433059692383,44.26620864868164,1804.6353759765625,474.42999267578125,12.68089485168457,119.72354125976562,293200.0,39780.0,90830.0,21.790000915527344,20970.0,150.22769165039062,8.149999618530273,44.29194641113281,60.900001525878906,23450.0,54670.0,408.2404479980469
2023-07-24/2023-07-30,29199.021484375,3180.03662109375,260.0,14366.3388671875,18.0461368560791,84.9000015258789,4475.8564453125,432.14306640625,34269.921875,11469.2001953125,11532.2373046875,1897.9556884765625,45565.703125,458.5666809082031,25449.3359375,12176.1396484375,19237.310546875,5621.6953125,13022.712890625,6596.1142578125,132.2100067138672,30.777250289916992,44.60490798950195,1820.6322021484375,478.0899963378906,12.07097339630127,132.2525177001953,286690.0,39830.0,90620.0,21.219999313354492,20440.0,152.1279754638672,7.760000228881836,46.73200988769531,49.20000076293945,23370.0,53780.0,412.464599609375
2023-07-31/2023-08-06,29365.62109375,3180.03662109375,265.0,14375.61328125,18.0461368560791,83.0,4436.41259765625,456.4299621582031,34108.86328125,11538.8310546875,11464.056640625,1899.9556884765625,45762.2578125,456.77032470703125,25969.416015625,12009.9755859375,19334.46875,5778.880859375,12389.6640625,6501.43310546875,139.57000732421875,30.198368072509766,43.0054931640625,1799.6363525390625,471.9700012207031,11.861882209777832,127.7935562133789,291100.0,41500.0,90900.0,20.290000915527344,20940.0,151.26507568359375,8.109999656677246,44.662803649902344,28.5,24260.0,54710.0,403.1419677734375
2023-08-07/2023-08-13,27269.95703125,3099.172607421875,259.989990234375,14412.7119140625,16.65797233581543,85.0,4190.876953125,435.7586975097656,35435.3125,11577.7568359375,11382.0341796875,1946.9547119140625,45994.55859375,464.0786437988281,24218.47265625,12268.453125,18848.677734375,5815.86572265625,12389.6640625,6514.958984375,138.41000366210938,30.188720703125,42.41946792602539,1847.1268310546875,464.57000732421875,11.171703338623047,129.23997497558594,289000.0,40510.0,89180.0,20.190000534057617,20330.0,149.742919921875,7.170000076293945,40.83928298950195,27.899999618530273,23940.0,54170.0,402.1891174316406
2023-08-14/2023-08-20,26787.69140625,3043.7490234375,250.0,13540.900390625,16.648717880249023,81.3499984741211,3681.0,433.6951904296875,32687.65234375,11078.71484375,11291.9677734375,1912.9554443359375,46375.96875,452.2026062011719,24123.126953125,11837.728515625,17974.25390625,5450.640625,12208.7939453125,6399.97119140625,133.22000122070312,28.085445404052734,40.21140670776367,1819.63232421875,455.1000061035156,11.006058692932129,127.1451644897461,281000.0,39500.0,85170.0,19.229999542236328,20100.0,144.429931640625,6.960000038146973,43.2823371887207,27.690000534057617,23290.0,52910.0,394.01580810546875
2023-08-21/2023-08-27,25165.521484375,2872.935791015625,241.77999877929688,11695.2578125,16.648717880249023,86.16999816894531,3401.02001953125,399.3191223144531,31740.185546875,10779.291015625,10944.568359375,1880.956298828125,46555.0234375,422.96929931640625,23993.10546875,10708.35546875,17585.623046875,5455.263671875,11304.4375,6402.24365234375,133.25999450683594,27.496915817260742,39.250144958496094,1848.1265869140625,457.67999267578125,10.96004581451416,129.55918884277344,288110.0,39940.0,89100.0,18.90999984741211,20540.0,142.5684356689453,7.079999923706055,46.00028991699219,30.299999237060547,24030.0,53880.0,397.07098388671875
2023-08-28/2023-09-03,25165.521484375,2798.431884765625,225.0,10897.642578125,18.50885581970215,83.94999694824219,2952.349609375,438.2056579589844,28784.083984375,10449.923828125,10629.830078125,1813.4478759765625,46062.61328125,434.0232238769531,23819.744140625,9940.650390625,17711.927734375,5177.876953125,10852.2607421875,6221.89892578125,138.1199951171875,27.96002197265625,39.583248138427734,1839.6282958984375,471.32000732421875,11.171703338623047,135.32492065429688,285030.0,40670.0,91780.0,19.209999084472656,20690.0,142.345458984375,7.0,48.490333557128906,29.219999313354492,24130.0,55850.0,407.3955993652344
2023-09-04/2023-09-10,24814.78515625,3803.32373046875,229.0,10707.060546875,16.843061447143555,85.0,2662.439453125,423.4855041503906,29371.515625,10215.3740234375,10563.5166015625,1834.9571533203125,45131.515625,423.521728515625,22259.49609375,10235.5791015625,16516.8828125,5362.80126953125,11033.1318359375,6312.0712890625,138.22999572753906,27.589859008789062,38.63150405883789,1781.6400146484375,466.9800109863281,11.318940162658691,136.0431365966797,290250.0,40190.0,91900.0,18.31999969482422,20280.0,139.44659423828125,7.079999923706055,45.55446243286133,28.350000381469727,24060.0,54350.0,402.1694641113281
2023-09-11/2023-09-17,28927.19921875,3543.46923828125,211.0,13083.2001953125,16.843061447143555,70.61000061035156,2711.74365234375,446.5009460449219,27467.1015625,10479.8662109375,10723.85546875,1806.9378662109375,41362.34375,465.87396240234375,24097.12109375,10839.9287109375,15810.0,5270.33984375,9586.1640625,5743.98486328125,140.38999938964844,28.05682373046875,40.649208068847656,1771.64208984375,466.4100036621094,11.60421371459961,137.06060791015625,283230.0,39270.0,86680.0,18.0,19630.0,144.27479553222656,6.449999809265137,43.886722564697266,24.209999084472656,23680.0,53180.0,401.5309143066406
2023-09-18/2023-09-24,27462.86328125,3834.215087890625,230.0,12173.658203125,16.843061447143555,61.0,2711.74365234375,428.28192138671875,28803.03515625,10479.8662109375,10811.9423828125,1806.9578857421875,42259.9765625,451.1427307128906,23655.052734375,10636.818359375,16200.0,5459.88671875,9993.123046875,5989.82177734375,129.1199951171875,26.8894100189209,38.945579528808594,1679.66064453125,455.1199951171875,11.438570976257324,129.9282684326172,276280.0,38870.0,84210.0,17.170000076293945,19710.0,141.28866577148438,6.389999866485596,41.597412109375,21.270000457763672,23130.0,50660.0,389.95867919921875
2023-09-25/2023-10-01,27015.671875,4461.13720703125,230.0,13227.5,16.843061447143555,80.0,2790.631103515625,440.5353698730469,30309.509765625,10859.13671875,11154.392578125,1798.9581298828125,44426.47265625,473.6998291015625,23473.0234375,10659.1513671875,17500.0,6116.3671875,11096.435546875,6149.7607421875,127.12000274658203,26.636472702026367,39.14544677734375,1684.65966796875,450.75,11.429369926452637,130.53677368164062,270290.0,37990.0,85700.0,17.030000686645508,19630.0,140.60032653808594,6.340000152587891,43.48584747314453,17.729999542236328,23210.0,50290.0,385.7738037109375
2023-10-02/2023-10-08,27052.755859375,4379.3642578125,219.38999938964844,12890.7998046875,16.843061447143555,68.26000213623047,2662.439453125,463.7629089355469,31603.669921875,10774.2998046875,10986.13671875,1764.958740234375,45754.2421875,477.6559753417969,24235.896484375,10993.4140625,16010.0,6426.11572265625,11638.1494140625,6050.5712890625,127.95999908447266,25.362045288085938,38.612464904785156,1614.673828125,447.4599914550781,11.042868614196777,137.24017333984375,292170.0,40540.0,93400.0,16.770000457763672,20830.0,140.67788696289062,6.619999885559082,45.7481575012207,14.010000228881836,25230.0,54210.0,389.0796813964844
2023-10-09/2023-10-15,27485.599609375,4228.53955078125,230.89999389648438,12938.900390625,16.843061447143555,77.0,2662.439453125,463.7629089355469,30645.982421875,10978.9072265625,11184.0859375,1779.95849609375,44857.09765625,472.9267578125,23743.298828125,11127.71484375,16500.0,6374.97314453125,11535.732421875,6041.5537109375,129.7899932861328,26.033309936523438,39.43097686767578,1514.7939453125,453.45001220703125,10.868022918701172,137.0207061767578,293880.0,41000.0,93580.0,15.899999618530273,21120.0,144.5482635498047,6.159999847412109,45.44724655151367,12.869999885559082,25500.0,55010.0,390.91387939453125
2023-10-16/2023-10-22,26962.58203125,4475.32275390625,235.0,12506.0,16.843061447143555,77.0,3522.308837890625,462.64984130859375,31124.828125,10978.9072265625,11312.751953125,1834.9571533203125,43951.00390625,445.1074523925781,23922.423828125,11127.71484375,16310.0,6214.41748046875,11451.9384765625,6041.5537109375,125.16999816894531,25.59552764892578,37.765411376953125,1461.7047119140625,442.79998779296875,10.711583137512207,135.26507568359375,292160.0,39350.0,92900.0,15.130000114440918,20550.0,139.61605834960938,6.170000076293945,41.374481201171875,11.399999618530273,24790.0,54150.0,381.61480712890625
2023-10-23/2023-10-29,26358.40234375,4501.59326171875,249.89999389648438,12506.0,16.843061447143555,78.69999694824219,3505.545166015625,428.1459045410156,31603.669921875,10978.9072265625,10936.6494140625,1781.974853515625,44139.7890625,435.8343811035156,23555.212890625,11175.6787109375,16300.0,6233.306640625,11265.7275390625,5951.38134765625,127.73999786376953,24.486486434936523,36.394893646240234,1477.8013916015625,433.510009765625,9.165581703186035,121.86823272705078,280570.0,38520.0,88510.0,14.739999771118164,20290.0,132.52537536621094,6.199999809265137,40.48775100708008,10.020000457763672,24490.0,49500.0,372.0791931152344
2023-10-30/2023-11-05,27052.755859375,4359.921875,251.0,12506.0,16.843061447143555,78.69999694824219,3469.06005859375,466.1529541015625,31306.787109375,10879.0986328125,10858.4599609375,1779.974853515625,43483.53515625,429.83843994140625,24155.287109375,10552.1435546875,15700.0,6072.751953125,11172.6220703125,5969.416015625,138.60000610351562,27.648229598999023,40.22092056274414,1474.7020263671875,456.94000244140625,9.71772575378418,128.7811279296875,275650.0,37260.0,88270.0,15.9399995803833,19940.0,139.66488647460938,6.650000095367432,44.991390228271484,11.9399995803833,23690.0,49650.0,393.8919372558594
2023-11-06/2023-11-12,27683.98828125,4728.642578125,239.0,12044.240234375,16.843061447143555,78.5,3469.06005859375,415.0228271484375,31565.36328125,10879.0986328125,10887.1630859375,1759.9752197265625,43420.609375,417.6907958984375,24432.935546875,10552.1435546875,15860.0,6412.75048828125,11265.7275390625,5924.32958984375,143.55999755859375,26.928325653076172,40.56960678100586,1534.68994140625,457.80999755859375,9.215035438537598,132.2624969482422,273060.0,38080.0,92460.0,15.6899995803833,19760.0,143.01487731933594,6.269999980926514,48.32038116455078,12.390000343322754,23600.0,50900.0,399.23663330078125
2023-11-13/2023-11-19,27233.109375,4677.04052734375,239.0,12217.400390625,16.843061447143555,78.5,3469.06005859375,433.7176208496094,31124.828125,11048.7724609375,11104.90625,1699.9759521484375,43225.390625,420.494140625,24880.751953125,10552.1435546875,15800.0,6563.861328125,11545.0439453125,6194.84716796875,145.17999267578125,29.165864944458008,43.731876373291016,1578.6810302734375,471.82000732421875,9.59821891784668,134.97576904296875,285680.0,38940.0,93480.0,16.719999313354492,19920.0,149.25587463378906,6.329999923706055,49.2830924987793,9.300000190734863,24020.0,51460.0,408.55535888671875
2023-11-20/2023-11-26,26728.125,5028.875,239.0,11582.48046875,16.65797233581543,78.5,3469.06005859375,418.76177978515625,30167.140625,11163.552734375,11203.8798828125,1679.976318359375,43964.1328125,408.3465270996094,25239.005859375,10705.62890625,15600.0,6620.52734375,11358.8330078125,6312.0712890625,146.74000549316406,28.92265510559082,43.606544494628906,1579.6807861328125,477.0,9.71971321105957,136.3523712158203,293920.0,41100.0,97300.0,16.809999465942383,20780.0,149.95907592773438,6.849999904632568,47.76155471801758,10.859999656677246,24620.0,54080.0,412.5589599609375
2023-11-27/2023-12-03,28315.220703125,5113.31396484375,226.0,11486.2802734375,16.65797233581543,78.5,3469.06005859375,428.10919189453125,29669.142578125,11258.3701171875,11300.875,1699.9759521484375,45027.203125,418.625244140625,25149.4453125,10341.1005859375,15560.0,6922.74853515625,11526.421875,6438.3125,147.02999877929688,30.11925506591797,45.534751892089844,1594.6778564453125,479.95001220703125,9.887940406799316,131.5343017578125,293220.0,40640.0,94400.0,17.31999969482422,20580.0,153.18209838867188,7.269999980926514,46.750850677490234,8.579999923706055,24200.0,53760.0,416.0004577636719
2023-12-04/2023-12-10,28838.23828125,5426.35546875,221.0,11700.0,16.935604095458984,78.5,3469.06005859375,471.1540832519531,29209.455078125,11258.3701171875,11243.470703125,1719.9755859375,45027.203125,413.62274169921875,24988.228515625,10260.0,15820.0,7017.1923828125,11265.7275390625,6239.93310546875,147.4199981689453,30.359647750854492,47.13517379760742,1662.6640625,481.010009765625,10.289813041687012,134.6565704345703,288140.0,40960.0,94480.0,18.440000534057617,20700.0,154.8229217529297,7.230000019073486,47.49163055419922,8.039999961853027,24100.0,53880.0,417.0457763671875
2023-12-11/2023-12-17,28675.921875,5967.06005859375,235.0,11980.0,16.65797233581543,78.5,3461.17138671875,431.57720947265625,28328.380859375,11925.0888671875,11743.2900390625,1724.9755859375,44144.3203125,433.4088439941406,25704.73828125,10500.0,16780.0,7649.9677734375,12029.1904296875,6321.08837890625,149.97000122070312,32.94845199584961,48.04143524169922,1679.66064453125,495.1099853515625,11.233747482299805,132.27247619628906,290300.0,41220.0,95340.0,19.18000030517578,20860.0,161.37643432617188,7.449999809265137,48.87950897216797,9.449999809265137,24160.0,54420.0,427.07452392578125
2023-12-18/2023-12-24,29036.625,5938.09326171875,261.0,12300.0,15.732529640197754,88.0,3461.17138671875,439.11566162109375,28519.91796875,12126.7021484375,11912.041015625,1709.975830078125,43857.27734375,434.3510437011719,26152.556640625,10840.0,17720.0,7517.74560546875,12420.232421875,6762.93359375,153.4199981689453,32.7817497253418,49.034461975097656,1659.6646728515625,497.94000244140625,11.542160987854004,141.14051818847656,295000.0,41900.0,97000.0,19.34000015258789,21280.0,163.49581909179688,11.770000457763672,48.81952667236328,13.649999618530273,24200.0,55680.0,429.2439270019531
2023-12-25/2023-12-31,29938.384765625,5899.4716796875,262.0,13500.0,15.732529640197754,95.0,3461.17138671875,444.4336242675781,28072.361328125,12436.107421875,11975.87890625,1834.9739990234375,43857.27734375,460.6000061035156,26797.4140625,11300.0,19180.0,7989.9658203125,12569.2001953125,6988.36474609375,151.94000244140625,33.017093658447266,49.59364318847656,1654.6656494140625,502.0,11.39262580871582,139.34495544433594,293500.0,41900.0,94360.0,19.030000686645508,21100.0,166.1328582763672,12.029999732971191,49.511375427246094,11.010000228881836,24040.0,55120.0,432.5106201171875
2024-01-01/2024-01-07,34214.1875,6208.44580078125,287.0,15080.0,17.028148651123047,91.0,3451.310302734375,474.82220458984375,30008.38671875,13374.3046875,12945.826171875,1929.9727783203125,43837.78515625,477.6944274902344,30663.400390625,12480.0,19980.0,8707.7412109375,14309.0234375,7222.81298828125,145.24000549316406,33.76236343383789,52.37991714477539,1554.6859130859375,494.1000061035156,11.074867248535156,135.39474487304688,289640.0,41320.0,92500.0,18.770000457763672,20640.0,168.25225830078125,12.65999984741211,49.086463928222656,12.479999542236328,23500.0,54380.0,425.7575988769531
2024-01-08/2024-01-14,32452.478515625,6372.58837890625,315.0,16920.0,15.732529640197754,88.0,3451.310302734375,479.57049560546875,29814.783203125,13374.3046875,12846.8515625,2034.97119140625,44052.1953125,488.1409606933594,28797.736328125,13020.0,20240.0,9213.7919921875,14785.9912109375,7556.451171875,154.6199951171875,32.16396713256836,50.73128890991211,1589.77880859375,501.69000244140625,10.710376739501953,142.29763793945312,292840.0,42440.0,94580.0,18.15999984741211,20560.0,166.12545776367188,12.4399995803833,54.69825744628906,16.860000610351562,23960.0,54660.0,433.68896484375
2024-01-15/2024-01-21,31191.470703125,6285.689453125,316.0,16100.0,15.732529640197754,108.0,3328.04931640625,494.76483154296875,30976.3984375,13175.6865234375,12604.365234375,1969.97216796875,43463.171875,483.3925476074219,28871.623046875,13000.0,20200.0,9712.873046875,16121.4990234375,7394.140625,155.33999633789062,31.59521484375,49.67076873779297,1524.69189453125,503.80999755859375,10.467384338378906,146.01844787597656,291680.0,41520.0,100200.0,18.110000610351562,20820.0,167.3636474609375,12.890000343322754,59.478233337402344,13.949999809265137,23960.0,54900.0,438.9369201660156
2024-01-22/2024-01-28,30746.408203125,6353.27734375,320.0,16120.0,15.556694030761719,104.12999725341797,3372.42333984375,476.4746398925781,31460.40625,13334.3818359375,12795.8798828125,1994.9892578125,43131.09375,464.39874267578125,28354.41015625,13300.0,20300.0,9924.0224609375,16789.251953125,7213.7958984375,159.1199951171875,32.7817497253418,51.74359893798828,1599.6767578125,515.1199951171875,10.644957542419434,151.8140869140625,296500.0,43320.0,102660.0,19.1200008392334,20720.0,169.29957580566406,12.170000076293945,61.017906188964844,12.300000190734863,24060.0,55400.0,443.8283996582031
2024-01-29/2024-02-04,31710.7109375,6140.85791015625,308.0,16300.0,14.807086944580078,106.0,2731.465576171875,483.9928283691406,29814.783203125,13533.0,12648.904296875,1899.9896240234375,44615.67578125,476.45361328125,29167.17578125,13100.0,19400.0,9866.435546875,15243.87890625,7114.60595703125,171.80999755859375,32.82097625732422,53.54648208618164,1679.66064453125,519.1400146484375,11.345898628234863,142.0283203125,300360.0,43440.0,100340.0,19.149999618530273,20800.0,171.70718383789062,13.579999923706055,66.14580535888672,12.0600004196167,24220.0,55560.0,449.8190002441406
2024-02-05/2024-02-11,30227.16796875,6063.6142578125,313.0,15340.0,14.807086944580078,106.0,2603.27392578125,483.9928283691406,31460.40625,13335.0,12513.21875,1909.9896240234375,44928.22265625,470.7131652832031,28446.76953125,12900.0,19400.0,9405.7470703125,15472.8232421875,7033.45068359375,174.4499969482422,32.42873001098633,52.54892349243164,1666.163330078125,525.9400024414062,11.85057544708252,148.63197326660156,302500.0,43760.0,106960.0,19.700000762939453,20860.0,171.98233032226562,14.8100004196167,72.11752319335938,12.300000190734863,24180.0,56140.0,456.1462707519531
2024-02-12/2024-02-18,31525.26953125,6227.7568359375,290.0,15000.0,14.807086944580078,106.0,2366.61279296875,483.9928283691406,29756.701171875,13335.0,12432.2236328125,2029.9888916015625,45705.9453125,471.669921875,28631.48828125,12520.0,19000.0,9357.7578125,15701.767578125,7078.537109375,169.50999450683594,33.428951263427734,53.385963439941406,1764.6434326171875,528.22998046875,11.495431900024414,140.17291259765625,306320.0,44000.0,106940.0,19.989999771118164,20840.0,175.9327850341797,14.59000015258789,72.59741973876953,11.1899995803833,24220.0,56780.0,454.5223388671875
2024-02-19/2024-02-25,31488.181640625,6594.6630859375,298.0,14420.0,14.807086944580078,106.0,2465.2216796875,473.4712219238281,30008.38671875,13379.5,12809.2001953125,2119.988525390625,45705.9453125,469.75640869140625,30201.6015625,12860.0,20000.0,9453.7353515625,16026.107421875,7213.7958984375,174.99000549316406,33.26224899291992,54.43714141845703,1694.6575927734375,534.8499755859375,11.652042388916016,143.6044158935547,306500.0,44560.0,106100.0,20.139999389648438,20780.0,180.80699157714844,14.319999694824219,78.80008697509766,10.5,24120.0,56500.0,462.19622802734375
2024-02-26/2024-03-03,30598.052734375,6758.80615234375,298.0,14300.0,14.807086944580078,95.0,2445.5,450.5150146484375,28265.96484375,13330.0,12749.203125,2529.986328125,45705.9453125,470.7131652832031,29795.220703125,13000.0,19980.0,9981.609375,17457.009765625,7322.00244140625,178.22000122070312,33.68391036987305,54.115943908691406,1706.6551513671875,537.2999877929688,11.949581146240234,136.80125427246094,313220.0,45800.0,108380.0,20.100000381469727,20880.0,182.08450317382812,14.520000457763672,82.26134490966797,10.949999809265137,24400.0,57600.0,466.800537109375
2024-03-04/2024-03-10,30394.06640625,7579.51806640625,295.0,13900.0,15.084718704223633,95.0,2341.96044921875,453.81549072265625,29524.380859375,13780.0,13050.0,2699.985595703125,45705.9453125,457.8052978515625,29462.7265625,13080.0,21140.0,10653.4482421875,18029.369140625,7394.140625,175.35000610351562,35.155582427978516,55.9749641418457,1668.662841796875,541.7899780273438,11.690434455871582,135.07553100585938,317400.0,45340.0,107340.0,20.100000381469727,21180.0,184.96380615234375,14.039999961853027,87.50922393798828,10.649999618530273,24380.0,57660.0,465.77081298828125
2024-03-11/2024-03-17,29392.67578125,7917.45849609375,270.0,13040.0,15.084718704223633,95.0,2233.490966796875,407.5668029785156,29040.375,13550.0,12789.5,2629.985595703125,45001.2734375,393.2306823730469,29000.92578125,12700.0,19100.0,10538.2744140625,17285.30078125,7421.1923828125,174.4199981689453,34.96795654296875,56.072296142578125,1694.6575927734375,537.5399780273438,11.575258255004883,140.83126831054688,317700.0,45320.0,108580.0,19.65999984741211,21260.0,187.00784301757812,15.899999618530273,87.822265625,11.489999771118164,24220.0,56900.0,465.3945617675781
2024-03-18/2024-03-24,32545.203125,8168.49951171875,280.0,13540.0,14.807086944580078,95.0,2376.4736328125,417.2019348144531,29021.013671875,13673.0,13260.0,2874.984375,45074.79296875,412.5067138671875,30460.208984375,13180.0,20300.0,10653.4482421875,18124.763671875,7213.7958984375,178.8699951171875,36.58748245239258,59.19661331176758,1688.6588134765625,550.0399780273438,12.391092300415039,150.39759826660156,313920.0,45500.0,107320.0,20.329999923706055,21260.0,193.21847534179688,16.729999542236328,94.273193359375,10.260000228881836,24160.0,59060.0,474.4744567871094
2024-03-25/2024-03-31,32638.51171875,8342.2978515625,280.0,13300.0,14.807086944580078,95.0,2376.4736328125,416.2339782714844,29505.017578125,14030.0,13440.0,3099.9833984375,45015.94921875,416.403076171875,31213.7421875,13260.0,20300.0,10826.2060546875,17685.953125,7123.623046875,180.3800048828125,37.446624755859375,61.552024841308594,1699.6566162109375,552.489990234375,12.746220588684082,150.55718994140625,318880.0,46540.0,110140.0,21.010000228881836,21360.0,196.83482360839844,14.75,90.34085083007812,9.0600004196167,24300.0,58020.0,477.51025390625
2024-04-01/2024-04-07,34333.27734375,8545.0615234375,283.0,14500.0,15.547439575195312,95.0,2381.404296875,416.2339782714844,31363.603515625,14745.0,14095.0,3234.982666015625,41387.2109375,439.6441650390625,32466.84765625,14800.0,22200.0,10960.57421875,19536.587890625,8000.0,185.07000732421875,36.64673614501953,59.9557991027832,1644.667724609375,546.4099731445312,12.746220588684082,152.12332153320312,310700.0,46480.0,105360.0,20.1200008392334,20880.0,194.0341339111328,15.710000038146973,87.99324798583984,8.220000267028809,23900.0,57720.0,473.3281555175781
2024-04-08/2024-04-14,33095.5234375,8448.5078125,311.0,16060.0,17.55968475341797,100.0,2421.695556640625,454.9533996582031,34848.44921875,14982.0,14170.0,3259.982421875,41171.44921875,457.0750427246094,31669.416015625,16000.0,22500.0,11874.23046875,20833.9375,8100.0,186.1300048828125,35.34321594238281,58.08704376220703,1658.6649169921875,542.3300170898438,12.103150367736816,157.34039306640625,310100.0,44400.0,104940.0,19.540000915527344,20500.0,180.675537109375,13.949999809265137,88.17121124267578,9.390000343322754,23380.0,55320.0,466.4541015625
2024-04-15/2024-04-21,32086.283203125,8173.61376953125,296.0,15160.0,16.705429077148438,100.0,2327.792724609375,445.2735900878906,34751.6484375,14320.0,13560.5,3274.988525390625,36150.0625,447.3912353515625,30207.458984375,15840.0,20800.0,10803.603515625,19345.80078125,8180.0,174.6300048828125,36.50848388671875,57.561458587646484,1620.672607421875,525.22998046875,11.652042388916016,153.70938110351562,309480.0,44880.0,104720.0,20.459999084472656,20780.0,183.65072631835938,13.289999961853027,76.18722534179688,8.640000343322754,23900.0,55700.0,452.0801086425781
2024-04-22/2024-04-28,32276.70703125,8320.4453125,306.0,14900.0,17.369850158691406,100.0,2288.255126953125,448.1775207519531,38142.67578125,14720.0,13940.0,3269.988525390625,35306.625,457.0750427246094,30283.404296875,15900.0,22000.0,11484.9111328125,22297.83984375,8100.0,179.6199951171875,37.357749938964844,60.98750686645508,1617.6732177734375,536.2999877929688,12.27591609954834,171.52528381347656,307560.0,46000.0,106760.0,20.469999313354492,21100.0,191.25177001953125,12.529999732971191,87.72029113769531,8.100000381469727,24280.0,55540.0,464.1097412109375
2024-04-29/2024-05-05,31610.2265625,7126.216796875,294.0,14540.0,15.186755180358887,95.0,2421.695556640625,457.89935302734375,28934.4765625,14720.0,14050.0,2529.9912109375,45800.5390625,476.53363037109375,30473.26953125,12740.0,19800.0,10414.283203125,18613.849609375,8190.0,186.2100067138672,36.78498840332031,59.877933502197266,1694.9576416015625,538.7100219726562,11.930386543273926,166.826904296875,314560.0,46140.0,103960.0,20.459999084472656,21160.0,188.3062286376953,12.789999961853027,88.77411651611328,9.300000190734863,24400.0,56520.0,466.8613586425781
2024-05-06/2024-05-12,33038.40234375,8379.177734375,296.0,14900.0,17.085098266601562,100.0,2263.5439453125,446.233154296875,39589.40234375,14873.0,13813.5,3239.988525390625,34541.6484375,450.275634765625,31707.388671875,16160.0,21640.0,11504.3759765625,23267.310546875,8350.0,187.47999572753906,37.970008850097656,62.37144088745117,1725.6513671875,549.2999877929688,11.508070945739746,168.23342895507812,320100.0,45380.0,105880.0,20.6299991607666,21200.0,196.47068786621094,12.0600004196167,89.86292266845703,8.699999809265137,24400.0,56200.0,475.563232421875
2024-05-13/2024-05-19,34656.99609375,8222.5576171875,300.0,15900.0,16.99018096923828,100.0,2243.77490234375,448.1775207519531,39589.40234375,15120.0,14150.0,3274.988525390625,35267.39453125,454.165771484375,33131.37109375,15180.0,22360.0,11757.4345703125,25962.44140625,10180.0,184.6999969482422,38.799522399902344,62.90159606933594,1800.4000244140625,557.97998046875,11.929569244384766,175.6251220703125,320040.0,46500.0,108060.0,20.989999771118164,21240.0,202.42103576660156,12.710000038146973,92.46348571777344,12.65999984741211,24280.0,57040.0,483.4604797363281
2024-05-20/2024-05-26,33800.08984375,8124.67041015625,328.0,15320.0,16.99018096923828,100.0,2189.41015625,447.205322265625,35679.3359375,14963.0,14033.0,3124.989013671875,33835.515625,456.11077880859375,32656.7109375,14920.0,21820.0,11874.23046875,24527.623046875,9600.0,180.75,39.204402923583984,62.4205322265625,1862.300048828125,559.3699951171875,11.812994003295898,174.55776977539062,320040.0,45720.0,113200.0,20.270000457763672,21080.0,198.3882598876953,12.420000076293945,106.4511489868164,10.5,23920.0,57080.0,483.5002136230469
2024-05-27/2024-06-02,34180.9375,8026.78271484375,318.0,15020.0,16.04100799560547,90.0,2243.77490234375,438.4555969238281,32258.029296875,14820.0,13928.0,3159.98876953125,57961.7109375,437.6329650878906,32352.9296875,14880.0,21000.0,11348.6494140625,23267.310546875,9300.0,176.44000244140625,39.49078369140625,61.17369079589844,1723.9000244140625,548.969970703125,11.78385066986084,172.07391357421875,322160.0,45800.0,110320.0,20.030000686645508,21200.0,200.28604125976562,12.869999885559082,109.6146240234375,9.449999809265137,24220.0,56760.0,481.4042053222656
2024-06-03/2024-06-09,34466.57421875,8065.9375,314.0,15200.0,16.135927200317383,95.0,2228.9482421875,447.2311706542969,34799.57421875,14995.0,14077.0,3284.988525390625,55902.15625,440.475830078125,33302.25,14300.0,21000.0,11815.83203125,24488.84375,9380.0,184.3000030517578,39.28340530395508,60.65335464477539,1786.800048828125,564.989990234375,11.803279876708984,174.02908325195312,329000.0,45700.0,125000.0,19.93000030517578,21160.0,197.6370391845703,13.770000457763672,120.86773681640625,10.050000190734863,24280.0,55800.0,487.543212890625
2024-06-10/2024-06-16,33095.5234375,8007.205078125,303.0,14420.0,15.186755180358887,95.0,2233.890380859375,447.2311706542969,35014.625,14620.0,13750.0,3189.98876953125,54470.27734375,425.8258972167969,31802.3203125,13740.0,19900.0,11445.9794921875,24081.66796875,9000.0,183.66000366210938,38.9858283996582,58.24803924560547,1770.0,571.5599975585938,11.375835418701172,176.3533172607422,346200.0,46600.0,131660.0,19.440000534057617,22640.0,191.5384063720703,12.9399995803833,131.85789489746094,8.119999885559082,25660.0,60900.0,495.6689453125
2024-06-17/2024-06-23,33304.98828125,7928.89501953125,300.0,14040.0,15.186755180358887,95.0,2139.988037109375,447.2311706542969,32844.5390625,14680.0,13787.5,3294.98828125,49036.98046875,423.87255859375,32125.091796875,13000.0,19760.0,11329.18359375,24411.287109375,9040.0,189.0800018310547,39.23421096801758,58.89600372314453,1777.5,576.22998046875,11.50212574005127,179.3919677734375,350000.0,48420.0,132840.0,19.729999542236328,22800.0,194.02926635742188,12.199999809265137,126.55917358398438,6.960000038146973,26200.0,61580.0,498.4503479003906
2024-06-24/2024-06-30,33609.671875,8154.0361328125,285.0,14260.0,14.996920585632324,95.0,2169.641357421875,420.865966796875,33626.5546875,14800.0,13850.0,3214.98876953125,50802.3125,422.8958740234375,32352.9296875,12920.0,20000.0,11582.2412109375,23674.48828125,9000.0,193.25,39.51239776611328,62.30271911621094,1775.0,580.4199829101562,12.182150840759277,181.9086151123047,352060.0,49320.0,133720.0,19.65999984741211,22660.0,199.92031860351562,12.0,123.52943420410156,5.869999885559082,26180.0,62340.0,496.811279296875
2024-07-01/2024-07-07,34318.20703125,8222.5576171875,289.0,14300.0,15.38145637512207,95.0,2105.392333984375,422.82806396484375,32453.533203125,14932.0,13929.0,3389.988037109375,51939.96875,423.8725280761719,33028.34375,13140.0,20280.0,11582.2412109375,24042.888671875,9300.0,200.0,40.148250579833984,62.86232376098633,1714.0,585.719970703125,12.473589897155762,190.34742736816406,348860.0,49220.0,134540.0,19.149999618530273,22560.0,202.42103576660156,12.229999542236328,125.8192367553711,7.329999923706055,26040.0,61780.0,508.2564697265625
2024-07-08/2024-07-14,34845.578125,8222.5576171875,278.0,13980.0,15.57615852355957,95.0,2086.34228515625,412.03662109375,33079.14453125,14700.0,13785.0,3344.98828125,49527.34765625,414.0606994628906,33008.85546875,13000.0,19900.0,11797.744140625,23170.365234375,9020.0,194.49000549316406,41.32060623168945,63.343387603759766,1707.0,594.52001953125,13.629630088806152,184.8247528076172,345600.0,49180.0,130160.0,19.260000228881836,22080.0,203.6917724609375,12.609999656677246,129.2289581298828,8.630000114440918,25880.0,62300.0,512.9518432617188
2024-07-15/2024-07-21,34865.109375,8305.513671875,275.0,13680.0,15.57615852355957,84.0,2135.89892578125,412.03662109375,32186.79296875,14693.0,13757.0,3414.994384765625,48056.23828125,417.00421142578125,33125.76953125,12740.0,18800.0,11679.3720703125,22872.703125,8820.0,183.1300048828125,42.62212371826172,63.95207977294922,1725.0,582.0700073242188,13.581056594848633,177.42457580566406,343960.0,51000.0,128900.0,19.110000610351562,22180.0,208.50228881835938,11.079999923706055,117.91991424560547,7.849999904632568,25820.0,61460.0,502.9828796386719
2024-07-22/2024-07-28,35060.43359375,8285.7392578125,278.0,13500.0,14.797350883483887,80.0,2140.854736328125,412.03662109375,32107.7578125,14530.0,13600.0,3364.994384765625,51959.58203125,415.0418701171875,32287.884765625,12360.0,18600.0,11521.54296875,22420.361328125,8850.0,182.5,41.40008544921875,63.99135208129883,1737.0,575.1500244140625,10.870674133300781,166.7786865234375,339400.0,50080.0,123420.0,19.09000015258789,22480.0,210.9473114013672,11.630000114440918,113.05032348632812,7.829999923706055,25700.0,61880.0,498.7760009765625
2024-07-29/2024-08-04,35021.37109375,8137.42626953125,277.0,13340.0,15.57615852355957,81.5,2165.633056640625,420.9082336425781,31100.068359375,14200.0,13101.5,3199.99462890625,51979.19921875,415.0279541015625,32170.96875,12000.0,18300.0,11442.6279296875,21240.34375,8600.0,167.89999389648438,37.33658218383789,57.68843078613281,1740.0,561.1500244140625,9.743776321411133,166.43914794921875,343860.0,49700.0,129660.0,17.399999618530273,22400.0,197.92709350585938,11.229999542236328,107.26081848144531,5.989999771118164,25620.0,61080.0,488.38836669921875
2024-08-05/2024-08-11,34181.48046875,7969.33837890625,271.0,13100.0,14.602648735046387,81.5,2274.658203125,420.9082336425781,31060.55078125,13960.0,13038.0,3234.99462890625,54332.97265625,404.1839904785156,31294.111328125,12300.0,17740.0,11521.54296875,21771.3515625,8650.0,166.94000244140625,38.032047271728516,56.78520965576172,1776.0999755859375,562.4400024414062,9.811779975891113,163.45310974121094,327440.0,49400.0,119360.0,17.479999542236328,22960.0,204.54653930664062,11.649999618530273,104.74104309082031,6.070000171661377,25980.0,58960.0,488.29864501953125
2024-08-12/2024-08-18,35431.546875,8651.5771484375,292.0,13840.0,14.602648735046387,81.5,2230.056884765625,406.1222229003906,31515.0,14380.0,13494.0,3249.99462890625,54901.80078125,421.9286804199219,33379.0859375,12320.0,18500.0,11639.9150390625,22656.365234375,9500.0,177.05999755859375,39.085182189941406,60.86030578613281,1798.0,584.9299926757812,10.369114875793457,162.74404907226562,337640.0,49860.0,122260.0,17.68000030517578,22880.0,212.66677856445312,14.109999656677246,124.56934356689453,5.840000152587891,25900.0,59800.0,507.8677062988281
2024-08-19/2024-08-25,35314.35546875,8641.689453125,284.0,13040.0,14.602648735046387,81.5,2249.879638671875,409.0794372558594,32799.30859375,14377.0,13298.0,3399.994384765625,56765.20703125,412.0705261230469,32385.3125,11920.0,18300.0,11343.984375,22027.021484375,9130.0,177.0399932861328,39.51239776611328,61.59379959106445,1861.0,594.7899780273438,11.118927955627441,165.4005126953125,349440.0,51680.0,128380.0,18.350000381469727,23000.0,216.98033142089844,9.970000267028809,129.3589324951172,6.880000114440918,25880.0,62280.0,515.0552368164062
2024-08-26/2024-09-01,37091.7890625,8226.4140625,272.0,12680.0,14.602648735046387,81.5,2269.702392578125,407.10797119140625,31890.4140625,14250.0,13400.0,3379.994384765625,57863.63671875,418.9712219238281,33885.71484375,11580.0,17400.0,11679.3720703125,20945.337890625,9490.0,178.5,40.486045837402344,62.08940505981445,1850.0,591.5900268554688,11.039999008178711,163.1634979248047,353080.0,52400.0,127360.0,18.700000762939453,24020.0,223.43081665039062,9.510000228881836,119.35979461669922,6.309999942779541,26060.0,62760.0,516.4309692382812
2024-09-02/2024-09-08,35451.078125,8018.77587890625,275.0,12600.0,14.602648735046387,81.0,2269.702392578125,409.0794372558594,30527.068359375,14250.0,13226.5,3259.99462890625,60000.0,416.0423583984375,32930.9140625,11500.0,17800.0,12034.48828125,20788.001953125,9400.0,171.38999938964844,38.50893783569336,58.57061004638672,1811.4000244140625,573.8800048828125,10.438177108764648,150.72000122070312,358540.0,54840.0,121200.0,18.59000015258789,23800.0,211.1659698486328,9.100000381469727,102.82120513916016,5.769999980926514,26860.0,64740.0,495.09747314453125
2024-09-09/2024-09-15,34689.3203125,7811.13818359375,272.0,12220.0,14.602648735046387,80.0,2235.0126953125,409.0794372558594,30092.37890625,14047.0,13070.0,3284.99462890625,64280.0,416.0423583984375,32443.76953125,11400.0,18340.0,11561.0,20217.66015625,9850.0,186.49000549316406,38.650001525878906,57.163089752197266,1765.0,595.0900268554688,10.546701431274414,157.2513427734375,362000.0,54000.0,128100.0,19.280000686645508,23840.0,203.0755615234375,9.800000190734863,119.08981323242188,5.820000171661377,26900.0,65240.0,514.965576171875
2024-09-16/2024-09-22,36134.7109375,7415.63720703125,270.0,11800.0,14.699999809265137,80.0,2220.1455078125,409.0794372558594,27168.103515625,13813.0,13142.0,3599.993896484375,67000.0,420.0046691894531,32716.5703125,11400.0,18400.0,11561.0,19509.6484375,10060.0,191.60000610351562,40.27000045776367,61.59379959106445,1755.0,601.8200073242188,10.734155654907227,163.58999633789062,363260.0,55100.0,129840.0,19.790000915527344,24300.0,209.80430603027344,9.949999809265137,116.0,5.760000228881836,27400.0,65320.0,522.2528686523438
2024-09-23/2024-09-29,36720.67578125,7445.2998046875,274.0,12280.0,14.699999809265137,75.0,2170.5888671875,409.0794372558594,28452.4140625,13813.0,13189.0,3479.994140625,69740.0,416.0423583984375,32716.5703125,11820.0,18660.0,11639.9150390625,20748.66796875,10000.0,187.97000122070312,39.400001525878906,61.326171875,1885.0,608.25,10.63549518585205,163.9499969482422,375740.0,54760.0,133920.0,20.84000015258789,24240.0,209.21791076660156,10.010000228881836,121.4000015258789,5.760000228881836,27140.0,65660.0,523.7482299804688
2024-09-30/2024-10-06,35980.0,7336.537109375,270.0,12300.0,14.699999809265137,80.0,2180.500244140625,408.0841064453125,28650.0,13861.0,13152.5,3649.993896484375,69680.0,413.04705810546875,32580.0,11500.0,18880.0,11442.6279296875,20670.0,9960.0,186.50999450683594,40.11000061035156,62.08940505981445,1831.5,604.030029296875,10.42831039428711,167.05999755859375,374520.0,54440.0,132800.0,20.709999084472656,24320.0,209.9335174560547,10.029999732971191,124.91999816894531,5.710000038146973,27260.0,67180.0,526.6500244140625
2024-10-07/2024-10-13,36980.0,7465.0751953125,267.0,13400.0,15.100000381469727,80.0,2340.0,413.0607604980469,28511.689453125,13861.0,13209.0,3729.993896484375,75000.0,422.00469970703125,34200.0,12460.0,19000.0,11920.0,20748.66796875,10120.0,188.82000732421875,41.95000076293945,65.16215515136719,1895.0,615.27001953125,10.576300621032715,163.24000549316406,376700.0,54400.0,136400.0,21.059999465942383,24280.0,222.2899932861328,11.09000015258789,134.8000030517578,6.409999847412109,27260.0,67880.0,532.7100219726562
2024-10-14/2024-10-20,37680.0,7880.0,272.0,14520.0,15.0,80.0,2380.0,413.0607604980469,33320.0,14400.0,13550.0,3655.0,82500.0,436.9341125488281,35480.0,13620.0,20000.0,12820.0,22220.0,10200.0,188.99000549316406,42.31999969482422,62.29755783081055,1970.0,620.1199951171875,10.95120620727539,163.4199981689453,383000.0,57240.0,140240.0,22.56999969482422,24200.0,225.3699951171875,11.140000343322754,138.0,7.739999771118164,27400.0,67660.0,537.3599853515625
2024-10-21/2024-10-27,37000.0,8200.0,290.0,14100.0,15.199999809265137,80.0,2310.0,426.0,33480.0,14350.0,13401.5,3655.0,77700.0,423.0,33920.0,13100.0,18660.0,12040.0,22300.0,10400.0,187.8300018310547,41.88999938964844,61.21713638305664,2030.0,618.5,10.921607971191406,165.27000427246094,382360.0,58620.0,143000.0,22.540000915527344,24540.0,222.30999755859375,11.010000228881836,141.5399932861328,7.940999984741211,27840.0,68240.0,532.260009765625
2024-10-28/2024-11-03,37620.0,8540.0,311.0,15200.0,15.199999809265137,80.0,2320.0,434.95794677734375,34800.0,14500.0,13500.0,3655.0,78480.0,432.95294189453125,35120.0,14300.0,18900.0,13400.0,23040.0,10300.0,197.92999267578125,41.7599983215332,63.14999771118164,1994.0,609.469970703125,10.083003044128418,171.2899932861328,389100.0,59680.0,141120.0,23.149999618530273,24740.0,222.94000244140625,10.979999542236328,135.39999389648438,8.079999923706055,28200.0,69420.0,524.9400024414062
2024-11-04/2024-11-10,37340.0,8370.0,307.0,15300.0,15.399999618530273,80.0,2325.0,429.0,36000.0,14267.0,13330.0,3655.0,80000.0,426.0,35120.0,14280.0,18400.0,13240.0,23120.0,10280.0,208.17999267578125,45.130001068115234,68.02674865722656,1936.5999755859375,634.7999877929688,10.822949409484863,178.35000610351562,392200.0,63060.0,143020.0,24.450000762939453,25000.0,236.97999572753906,11.029999732971191,147.6300048828125,8.399999618530273,28960.0,71780.0,549.9500122070312
2024-11-11/2024-11-17,38000.0,8350.0,305.0,15500.0,15.0,80.0,2230.0,431.0,34500.0,14326.0,13347.0,3845.0,80000.0,451.0,35360.0,14000.0,18100.0,13100.0,22840.0,10600.0,202.61000061035156,46.75,68.76000213623047,1941.0,622.8400268554688,11.010000228881836,172.49000549316406,393380.0,64900.0,145580.0,24.489999771118164,25180.0,245.30999755859375,9.84000015258789,141.97999572753906,9.359999656677246,28540.0,72740.0,538.5
